0,A. Bencke
1,A. Mejia
2,A. Roseman
3,A. Petrie
4,A. Smith
5,A. Stein
6,A. Winkelman
7,A. Zandi
8,B. Anderson
9,B. Brinkman
10,B. Houska
11,G. Money
12,B. Shimamoto
13,B. Glines
14,B. Tuey
15,B. Toda
16,B. Pearson
17,C. Ayers
18,C. Birosh
19,C. Bullock
20,B. Whitney
21,C. Proctor
22,C. Whitney
23,D. Dalzell
24,D. Dumlao
25,D. Donaho
26,D. Sielke
27,E. Hathaway
28,E. Narimatsu
29,E. Olson
30,F. Cruz
31,G. Goslin
32,G. Lerner
33,G. Martinez
34,K. Kraeer
35,K. Harsha
36,K. Reichwein
37,K. O'Neil
38,ksherwoodOps
39,K. Worrel
40,J. Abalos
41,J. Cusano
42,J. Gow
43,J. Keith
44,J. Johnson
45,J. Illingworth
46,J. Feidt
47,L. Wong
48,M. Ayub
49,M. Chubb
50,M. Coutras
51,M. Godsey
52,J. Blundell
53,M. Maestas
54,M. McMahan
55,M. Porter
56,M. Salegui
57,M. Suzuki
58,M. Wu
59,N. Masiclat
60,N. Donel
61,P. Lam
62,P. Livingstone
63,P. Lozano
64,R. Garcia
65,R. Higa
66,R. Kaylor
67,R. Moore
68,S. Chandramouli
69,S. Bianchi
70,S. Nouriani
71,S. Hoyt
72,T. Helmers
73,W. Chan
74,Y. Choi
75,Admiral Athena
76,R. Danger
77,Z. Wolf
78,C. Strickland
79,J. Delgado
80,S. Baek
81,Cosmonaut Greer
82,N. Armspaul