1,Cette propriété en ligne utilise des "cookies". Les cookies permettent aux 
2,utilisateurs de naviguer sur des propriétés en ligne, comme les sites Internet, et 
3,nous permettent de personnaliser le contenu, la publicité et d'améliorer l'expérience 
4,des utilisateurs. Pour des détails supplémentaires sur les cookies, y compris la 
5,manière de les désactiver, veuillez consulter la section Cookies de la Charte de 
6,confidentialité en ligne ci-dessous. Remarque : si vous avez désactivé les cookies, 
7,nous ne pouvons pas vous assurer que le fonctionnement de la propriété 
8,intellectuelle et votre expérience soient optimaux. En utilisant cette propriété en 
9,ligne, vous acceptez, et nous présumerons que vous consentez à la réception de 
10,cookies, sauf si vous avez désactivé ces derniers, tel qu'expliqué dans la section 
11,Cookies de la présente Charte de confidentialité.
12,
13,Bienvenue ! Vous trouverez ci-dessous la Charte de confidentialité d'Activision. Sa 
14,dernière mise à jour date du 28 septembre 2012.
15,Votre vie privée est notre affaire.
16,
17,SOMMAIRE
18,En utilisant ce site Internet, cette application pour téléphone/tablette ou toute autre 
19,propriété en ligne d'Activision, vous confirmez avoir lu et accepté les termes de la 
20,Charte de confidentialité décrits ci-dessous, notamment en ce qui concerne la 
21,permission d'Activision pour réaliser les actions suivantes :
22,
23,• obtenir, analyser et utiliser mes données démographiques comme mon 
24,âge, mon sexe, mes centres d'intérêt et l'adresse IP que j'utilise, afin de 
25,les associer à mes données personnelles à des fins statistiques et 
26,commerciales ;
27,
28,• me contacter occasionnellement par e-mail pour me demander mon avis 
29,et m'inviter à participer à des sondages ou questionnaires en ligne, puis 
30,associer les données fournies à mes données personnelles à des fins 
31,commerciales ;
32,
33,• insérer des balises Web (ou GIF transparents) sur le site Internet et dans 
34,les e-mails, placer des cookies propriétaires et tiers sur mon ordinateur 
35,ou appareil, et adapter le service à mes intérêts grâce à la technologie 
36,Flash en affichant des publicités et produits susceptibles de m'intéresser ;
37,
38,• communiquer mes données personnelles aux filiales détenues par 
39,Activision et aux sociétés détenues à 100 % par le groupe ;
40,
41,• obtenir, analyser et conserver mes données personnelles sur des 
42,serveurs aux États-Unis ou dans d'autres pays où Activision et ses 
43,affiliés, filiales, agents ou fournisseurs possèdent des locaux ou des 
44,espaces commerciaux. Le niveau de protection des informations peut être 
45,plus faible dans certains pays qu'en Union européenne. Dans ce cas, 
46,Activision prendra les dispositions nécessaires raisonnables pour garantir 
47,mes droits à la confidentialité selon les lois sur la protection des données 
48,en vigueur.
49,
50,CHARTE DE CONFIDENTIALITÉ EN LIGNE D'ACTIVISION
51,
52,Activision, un des principaux fournisseurs de logiciels de divertissement interactifs, 
53,se fait fort de créer les environnements de divertissement en ligne les plus sûrs 
54,possibles.
55,Activision Publishing, Inc. (y compris ses filiales en propriété exclusive) 
56,(« Activision ») attachée au respect du droit à la vie privée de ses visiteurs en 
57,ligne, a adopté la présente Charte de confidentialité afin de les renseigner sur la 
58,manière dont ils collectent, stockent et utilisent les renseignements qui leur sont 
59,communiqués en ligne.
60,Votre utilisation de ce site Internet, application pour téléphone/tablette ou autre 
61,produit ou service en ligne fourni par Activision (collectivement « site Internet et/ou 
62,autres propriétés en ligne ») vaudra acceptation de la Charte de confidentialité 
63,d'Activision. Si vous n'adhérez pas à cette Charte, veuillez ne pas utiliser ce site 
64,Internet ou autres propriétés en ligne. Nous nous réservons le droit de modifier 
65,cette Charte, par conséquent, veuillez vous y reporter de temps à autre afin de 
66,vous assurer que vous êtes au courant des modifications apportées. En cas de 
67,modification importante de cette Charte, nous mettrons en ligne un avis de 
68,modification sur www.activision.com et dans la présente Charte. La poursuite de 
69,votre utilisation du site Internet et/ou d'autres propriétés en ligne vaudra 
70,acceptation de ces modifications. Si vous n'adhérez pas à l'une de ces 
71,modifications, veuillez ne pas poursuivre votre utilisation de ce site Internet et/ou 
72,d'autres propriétés en ligne. La présente Charte de confidentialité fera partie 
73,intégrante des conditions d'utilisation de ce site Internet ou autres propriétés en 
74,ligne.
75,La présente Charte de confidentialité et le cachet de Certification situé à votre 
76,droite valent confirmation de ce qu'Activision est un bailleur de licence autorisé, et 
77,un membre actif du programme de protection de la vie privée en ligne 
78,Entertainment Software Rating Board (« ESRB »). Pour protéger votre vie privée, 
79,Activision s'est engagé dans ce programme volontariste dans le cadre duquel sa 
80,politique a été examinée et certifiée conforme aux pratiques de collecte et 
81,d'utilisation des données en ligne en vigueur. Les sites d'Activision sont soumis à de 
82,fréquents audits ainsi qu'à d'autres mécanismes de mise en application et de 
83,contrôle d'ESRB dans le cadre de ce programme.
84,
85,Les sites Internet affichant le cachet de Certification du programme ESRB de 
86,protection de la vie privée vous aviseront :
87,
88,* de l'utilisation de cookies par une entreprise, de son dépistage d'adresses IP ou 
89,de son recours à d'autres moyens passifs de recueil de renseignements ; 
90,* de la collecte de vos renseignements personnels par un tiers, le cas échéant, et 
91,de la manière dont ceux-ci sont utilisés ; 
92,* des tiers avec lesquels vos renseignements personnels sont partagés ; 
93,* des différentes manières dont vous pouvez utiliser vos renseignements 
94,personnels ; 
95,* de la manière dont vous pouvez accéder à vos renseignements personnels 
96,recueillis et conservés par une entreprise et, le cas échéant, les modifier ; 
97,* de la possibilité et des modalités de recueil de renseignements d'enfants de moins 
98,de 13 ans ; 
99,* des méthodes de protection de la sécurité, de la qualité et de l'intégrité des 
100,données par une entreprise ; 
101,* du lieu où des questions ou des réclamations peuvent être soumises et de la 
102,manière dont elles peuvent l'être.
103,
104,La présente Charte de confidentialité s'applique actuellement aux sites Internet ou 
105,autres propriétés en ligne exploités par Activision qui renvoient vers ou publient 
106,cette Charte, à savoir notamment, de manière non exclusive, les éléments 
107,suivants :
108,
109,www.activision.com
110,www.callofduty.com
111,www.callofduty/elite.com
112,www.guitarhero.com 
113,Skylanders Cloud Patrol (application disponible sur certains téléphones et tablettes avec systèmes 
114,d'exploitation spécifiques) 
115,Activision possède plusieurs autres sites Internet et/ou autres propriétés en ligne 
116,non inclus dans la liste fournie ci-dessus, et il se peut que nous ajoutions, de temps 
117,à autres, des sites Internet et/ou autres propriétés en ligne listés, ou non, ci-
118,dessus. Veuillez noter toutefois que cette Charte s'applique uniquement aux sites 
119,Internet et/ou autres propriétés en ligne d'Activision renvoyant vers ou publiant 
120,cette Charte, mais pas à ceux gérés par d'autres entreprises ou organismes 
121,auxquels le site d'Activision est relié. Nous ne pouvons garantir la sécurité des 
122,renseignements personnels divulgués sur ces sites tiers. Veuillez noter par ailleurs 
123,que nous pourrons charger des tiers de se procurer des renseignements personnels 
124,en notre nom, auquel cas il leur sera demandé de se conformer à la Charte de 
125,confidentialité et aux lois en vigueur concernant la protection des données. Enfin, 
126,celui-ci ne s'applique qu'à la collecte, à l'utilisation et à la divulgation des 
127,renseignements obtenus en ligne, et non à la collecte de ceux obtenus hors 
128,connexion. Toute collecte de renseignements obtenus hors connexion sera 
129,effectuée en respectant les lois en vigueur concernant la protection des données.
130,
131,Activision est un bailleur de licence membre du programme ESRB de protection de 
132,la vie privée en ligne. Si vous pensez que nous n'avons pas répondu à votre 
133,demande ou si notre réponse ne vous satisfait pas, veuillez contacter ESRB à 
134,l'adresse 
135,
136,http://www.esrb.org/privacy/contact.jsp
137,
138,ESRB 
139,Attn.:Privacy Online Program 
140,317 Madison Avenue, 22nd Floor 
141,New York, NY 10017 
142,privacy@esrb.org
143,
144,Quels sont les renseignements recueillis par Activision ? 
145,
146,Activision ne collecte que les renseignements personnels que vous acceptez de lui 
147,soumettre. Votre soumission de renseignements personnels à Activision pourra 
148,avoir lieu dans plusieurs circonstances : (1) inscription à un site Internet ; (2) 
149,concours et opérations promotionnelles ; (3) service clientèle ; (4) téléchargement 
150,de démos ; (5) achat de produit ou de service via nos boutiques en ligne ; (6) 
151,utilisation d'un site Internet et/ou autres propriétés en ligne (y compris les 
152,Prestations en ligne, telles que décrites ci-dessous) ; (7) soumission en ligne de 
153,votre CV en cas de lancement d'une offre d'emploi. Les renseignements que nous 
154,collectons pourront comprendre des renseignements personnels tels que vos nom, 
155,courriel, numéro de téléphone et adresse du domicile. Nous pourrons par ailleurs 
156,collecter des données démographiques telles que l'âge, le genre et les centres 
157,d'intérêt. Nous pourrons également nous procurer des renseignements vous 
158,concernant auprès d'autres sources, dans la mesure où lesdites autres sources sont 
159,légalement autorisées à partager ces renseignements, et les combiner à ceux que 
160,vous nous avez vous-même communiqués. 
161,
162,* Inscription sur un site Internet 
163,Activision pourra se procurer des renseignements vous concernant en cas 
164,d'inscription sur un site Internet et/ou autres propriétés en ligne, à savoir 
165,notamment vos nom, adresse, courriel et numéro de téléphone. Nous pourrons 
166,également collecter des données démographiques telles que vos genre et date de 
167,naissance, que nous pourrons associer à vos renseignements personnels et utiliser 
168,dans un but commercial. Ces renseignements regroupés seront globalement 
169,considérés comme des renseignements personnels. Les renseignements recueillis 
170,auprès des internautes qui s'inscrivent sur notre site Internet et/ou autres 
171,propriétés en ligne sont utilisés dans le but de faire bénéficier ces internautes des 
172,avantages d'une telle inscription (du type : abonnement à des newsletters, accès 
173,aux toutes dernières actualités des jeux vidéo, participation à des concours, 
174,utilisation de tableaux d'affichage électroniques, chat dans le cadre de salons et de 
175,forums en ligne, et enregistrement de produit). Nous pourrons vous contacter pour 
176,vous demander votre opinion dans le cadre de sondages ou d'enquêtes en ligne sur 
177,nos jeux ou d'autres produits et prestations, par exemple. Vos réponses à ces 
178,questions nous aideront à vous proposer des produits et prestations susceptibles de 
179,vous intéresser.
180,
181,* Concours et Opérations promotionnelles 
182,Activision pourra de temps en temps organiser des concours ou des opérations 
183,promotionnelles sur son site Internet et/ou autres propriétés en ligne et se procurer 
184,certains renseignements personnels en rapport avec l'évènement concerné. Ces 
185,renseignements pourront comprendre vos nom, adresse, courriel, numéro de 
186,téléphone et date de naissance. Ils seront exclusivement utilisés en vue de votre 
187,participation à des concours et à des opérations promotionnelles en rapport avec un 
188,produit donné, et pour vous informer sur des produits et prestations dont le 
189,lancement est prévu. 
190,
191,* Service clientèle 
192,Afin de vous proposer le meilleur service clientèle possible, Activision pourra se 
193,procurer certains renseignements vous concernant à savoir notamment vos nom, 
194,courriel et date de naissance. Ces renseignements seront exclusivement utilisés 
195,dans le but de répondre à votre demande de soutien à la clientèle et seront 
196,conservés pendant douze (12) mois pour le cas où un soutien serait demandé par 
197,d'autres clients. 
198,
199,* Téléchargement de démo/contenus jugés matures 
200,Il pourra être demandé aux internautes désireux d'accéder à des contenus jugés 
201,matures, ou de télécharger des versions de démonstration de jeux d'Activision 
202,auxquels la note ESRB « M » (« mûr ») ou PEGI 18 aura été attribuée, de fournir un 
203,numéro de carte de crédit et une date d'expiration valables. Ces renseignements, 
204,qui seront exclusivement utilisés dans le but de vérifier l'âge de l'internaute, ne 
205,seront pas stockés. 
206,
207,* CV 
208,Activision permet la soumission en ligne de CV. Les renseignements personnels 
209,collectés par ce biais seront exclusivement utilisés en vue de l'acceptation et de 
210,l'évaluation des candidatures à des offres d'emploi mises en ligne. Ces 
211,renseignements pourront uniquement être partagés au sein du groupe Activision si 
212,vous avez donné votre consentement préalable ou si l'offre d'emploi en question est 
213,en rapport avec une autre société du groupe. Les renseignements collectés en 
214,rapport avec les CV ne seront pas soumis aux conditions de la présente Charte de 
215,confidentialité en ligne. 
216,
217,* Prestations en ligne
218,Activision pourra vous proposer un ensemble de prestations en ligne telles que des 
219,comptes, des jeux en ligne (« Prestations en ligne »). Il pourra vous demander de 
220,lui fournir des renseignements n'ayant pas de rapport avec votre vie privée tels que 
221,vos scores, classements, statistiques, techniques de jeu, ainsi que les 
222,fonctionnalités de jeu que vous utilisez. Nous pourrons également nous procurer 
223,des renseignements concernant vos comptes préférés et votre profil en ligne, à 
224,savoir notamment vos données d'achats et vos listes d'amis. Activision pourra 
225,combiner les données ne relevant pas de la vie privée et les renseignements 
226,personnels dans le but de vous adresser des annonces et des pages web, et de 
227,vous proposer des jeux, des produits, des biens virtuels et des prestations en ligne 
228,susceptibles de vous intéresser.
229,L'utilisation de certaines fonctionnalités de prestations en ligne telles que les 
230,tableaux de bord électroniques et les profils, ainsi que la contribution aux contenus 
231,générés par les internautes, pourront nécessiter que vous divulguiez des données 
232,personnelles. Vous reconnaissez que vous n'êtes pas habilité/e à vous prévaloir de 
233,droits ou d'attentes en termes de protection de votre vie privée ou de 
234,confidentialité en cas d'utilisation de ces fonctionnalités de prestations en ligne. 
235,Dans certains cas, nous pourrons utiliser les services de jeu de tiers pour les 
236,besoins de l'authentification de prestations en ligne. Il pourra alors vous être 
237,demandé de fournir vos données de compte en rapport avec des prestations en 
238,ligne de tiers au moment de votre souscription. De plus, en cas d'enregistrement 
239,pour des services de jeu en ligne directement auprès d'un tiers, certaines données 
240,d'adhésion seront automatiquement transférées vers le site d'Activision au moment 
241,de votre enregistrement.
242,
243,* Achat de biens ou souscription à des services via notre stock en ligne 
244,Les visiteurs désireux d'acheter des biens ou de souscrire à des services via l'un de 
245,nos stocks en ligne affilié devront fournir un numéro de carte de crédit et une date 
246,d'expiration valables en plus de leurs nom, courriel, numéro de téléphone et 
247,adresse de domicile.
248,
249,Quelle que soit l'activité, nous ne nous procurerons que les renseignements qui 
250,seront jugés raisonnablement nécessaires à la satisfaction de vos demandes et à 
251,l'accomplissement de nos objectifs commerciaux légitimes, dans la mesure 
252,autorisée par les lois en vigueur concernant la protection des données. 
253,Activision pourra de temps en temps vous offrir la possibilité d'envoyer un courriel à 
254,des amis ou à des membres de votre famille via notre outil « send-a-friend ». Les 
255,données entrées pour les besoins de l'envoi de messages via « send-a-friend » sont 
256,exclusivement utilisées à cette fin ; nous effacerons les adresses électroniques de 
257,l'expéditeur comme du destinataire une fois le message envoyé. Votre utilisation de 
258,notre outil « send-a-friend » vaudra confirmation de ce que vous et le/la 
259,destinataire du message vous connaissez.
260,
261,Que se passera-t-il si je refuse de fournir mes renseignements 
262,personnels ? 
263,
264,En cas de refus de votre part de soumettre les renseignements personnels 
265,nécessaires pour vous fournir le service ou pour répondre à votre requête, vous ne 
266,pourrez accéder et/ou participer à certaines activités. Vous ne pourrez par exemple 
267,pas vous enregistrer sur Activision.com ou participer à certains concours et 
268,opérations promotionnelles, ni accéder à d'autres sites Internet, fonctionnalités, ou 
269,prestations en ligne, et/ou les utiliser. Un tel refus pourra par ailleurs limiter notre 
270,capacité à répondre à votre demande de soutien à la clientèle en temps voulu.
271,
272,COOKIES
273,Que sont les cookies, Activision utilise-t-il des cookies, effectue-t-il le 
274,dépistage des adresses IP ou utilise-t-il d'autres moyens passifs de recueil 
275,de renseignements ?
276,Activision utilise des cookies sur son site Internet et ses autres propriétés en ligne. 
277,Un « cookie » est une petite quantité de données d'enregistrement que les sites 
278,Internet et autres propriétés en ligne stockent souvent sur l'ordinateur ou l'appareil 
279,d'un/e internaute afin de l'identifier anonymement et de lui associer des activités. 
280,Les cookies ne comprennent généralement ni nom, ni adresse électronique, ni 
281,aucune autre donnée personnelle nominative. 
282,Lorsque vous consultez nos sites Internet et/ou autres propriétés en ligne, vous 
283,pouvez désactiver les cookies. Nous utilisons des cookies afin d'optimiser votre 
284,visite et votre expérience de navigation, et de vous informer des offres susceptibles 
285,de vous intéresser. En cas de refus des cookies, votre utilisation de nos sites 
286,Internet et/ou autres propriétés en ligne peut être altérée.
287,Selon le site et/ou autres propriétés en ligne d'Activision que vous utilisez, ainsi que 
288,le pays depuis lequel vous consultez ces éléments, les cookies peuvent être 
289,enregistrés dans votre ordinateur ou appareil par :
290,- Activision, afin d'identifier et d'associer des activités à votre ordinateur ou 
291,appareil lorsque celui-ci se connecte à un site ou à d'autres propriétés en ligne 
292,d'Activision. Les cookies d'Activision ne peuvent pas être utilisés pour identifier et 
293,associer des activités à votre ordinateur ou appareil lorsque vous visitez des sites 
294,Internet ou autres propriétés en ligne de tierces parties.
295,- Des tierces parties, afin de permettre l'utilisation de fonctionnalités tierces sur ou 
296,via les sites Internet et/ou autres propriétés en ligne d'Activision (fonctionnalités 
297,relatives aux statistiques ou à la publicité, par exemple). Les tierces parties qui 
298,enregistrent ces cookies sont en mesure d'identifier votre ordinateur ou appareil 
299,lorsque ce dernier se connecte à des sites Internet et/ou d'autres propriétés en 
300,ligne d'Activision ainsi que d'autres sites Internet et/ou propriétés en ligne 
301,n'appartenant pas à Activision et utilisant les fonctionnalités d'une tierce partie.
302,Les différents types de cookies
303,• Les cookies nécessaires
304,Ces cookies vous permettent de naviguer sur des sites Internet et/ou d'autres 
305,propriétés en ligne et d'utiliser leurs fonctionnalités pour, par exemple, accéder 
306,aux zones sécurisées d'un site. Sans ces cookies, les services que vous 
307,demandez, comme les zones de connexion sécurisées, ne peuvent être fournis.
308,
309,
310,• Les cookies de performance
311,
312,Ils permettent de recueillir des informations concernant les visiteurs d'un site 
313,Internet ou autres propriétés en ligne, telles que les pages les plus vues, ou 
314,encore les messages d'erreur reçus. Ces cookies ne recueillent aucune 
315,information permettant d'identifier un visiteur. Les informations collectées sont 
316,globalisées et anonymes. Elles sont uniquement utilisées pour améliorer le 
317,fonctionnement d'un site Internet et/ou autres propriétés en ligne. La fourniture 
318,de ces services en notre nom implique généralement un contrat avec des 
319,sociétés de recherche et de statistiques indépendantes comme Google Analytics. 
320,Lesdits services sont également soumis aux politiques de confidentialité de ces 
321,sociétés.
322,
323,• Les cookies utilitaires 
324,Grâce à ces cookies, le site Internet et/ou autres propriétés en ligne peuvent 
325,enregistrer vos choix (nom d'utilisateur, langue, région, etc.) et vous offrir des 
326,fonctionnalités améliorées et personnalisées. Ces cookies permettent 
327,d'enregistrer les modifications relatives à la taille des caractères, la police et 
328,autres éléments personnalisables des pages Internet. Ils peuvent également être 
329,utilisés pour fournir des services que vous demandez, comme la lecture d'une 
330,vidéo. Les informations recueillies par ces cookies peuvent être rendues 
331,anonymes. Ceux-ci ne peuvent pas suivre vos activités sur d'autres sites 
332,Internet.
333,
334,• Les cookies publicitaires
335,- Ces cookies permettent d'afficher des publicités adaptées à vos intérêts. Ils 
336,permettent également de limiter le nombre d'affichages d'une publicité et 
337,d'évaluer l'efficacité d'une campagne publicitaire. Ils sont généralement placés 
338,par des régies publicitaires avec l'accord de l'opérateur du site Internet et/ou 
339,autres propriétés en ligne. Ils enregistrent votre visite du site et partagent cette 
340,information avec d'autres sociétés, publicitaires, entre autres. Généralement, ces 
341,cookies sont liés à la fonctionnalité du site fourni par l'autre société. Dans 
342,certains pays, nos sites Internet peuvent être associés à des sociétés tierces 
343,d'analyse et de publicité en ligne afin d'adapter et d'offrir des publicités, produits, 
344,services et promotions sur nos sites Internet et/ou autres propriétés en ligne, 
345,ainsi que des publicités, produits, services et promotions sur des sites Internet 
346,et/ou autres propriétés en ligne que nous ne contrôlons pas. Afin de sélectionner 
347,les publicités qui vous sont le mieux adaptées, ces sociétés utilisent des cookies, 
348,des technologies Flash, et autres technologies permettant de collecter et de 
349,suivre des informations non-personnelles telles que des données 
350,démographiques (sexe, métier, etc.), des données centralisées, des mots-clés, 
351,des données de géolocalisation et des données en ligne (type de navigateur, 
352,langue, adresse IP, date/heure, etc.), afin de sélectionner des publicités 
353,adaptées à vos centres d'intérêt, de personnaliser votre expérience et d'adapter 
354,les publicités affichées. Il se peut que nous autorisions des sociétés tierces à 
355,recueillir certaines données anonymes lorsque vous visitez notre site Internet. 
356,Ces sociétés peuvent utiliser des informations ne permettant pas de vous 
357,identifier personnellement durant vos visites sur ce site et d'autres sites afin de 
358,fournir des publicités tierces concernant des biens et des services susceptibles de 
359,vous intéresser. Pour obtenir ces informations, ces sociétés emploient 
360,généralement des cookies ou des pixels espions tiers.
361,- Pour plus d'informations sur les cookies publicitaires, consultez la Network 
362,Advertising Initiative (NAI) sur http://networkadvertising.org ou 
363,http://youronlinechoices.com
364,Gestion des cookies
365,Vous pouvez modifier les options de gestion des cookies des façons suivantes :
366,• en cliquant sur les liens de désactivation fournis dans l'Annexe 1 de la 
367,présente Charte de confidentialité ; 
368,
369,• en ouvrant le menu Aide de votre navigateur. La plupart des navigateurs 
370,vous indiquent comment désactiver/ supprimer les cookies ou comment 
371,paramétrer votre navigateur afin d'être alerté(e) de l'envoi de cookies à 
372,votre ordinateur ;
373,
374,• en consultant http://networkadvertising.org/managing/opt_out.asp et/ou 
375,http://youronlinechoices.com pour la désactivation des publicités.
376,Si vous refusez tous les cookies, vous ne serez pas en mesure d'utiliser certaines 
377,fonctionnalités des sites Internet et/ou autres propriétés en ligne (y compris 
378,l'identification).
379,Permission d'utilisation des cookies
380,En utilisant nos sites Internet et/ou autres propriétés en ligne, vous acceptez, et 
381,nous présumerons que vous consentez à la réception de cookies via nos sites 
382,Internet et/ou autres propriétés en ligne, sauf si vous avez désactivé ces derniers 
383,par l'un des moyens énoncés précédemment.
384,Si un paramètre de désactivation des cookies n'est pas disponible via le fournisseur 
385,tiers énoncé dans l'Annexe 1, votre navigateur ou 
386,http://networkadvertising.org/managing/opt_out.asp ou 
387,http://youronlinechoices.com, alors en utilisant le site Internet et/ou autres 
388,propriétés en ligne d'Activision applicable vous acceptez, et nous présumerons que 
389,vous consentez à la réception de cookies via les sites Internet et/ou autres 
390,propriétés en ligne d'Activision. Nous vous informons que l'utilisation d'informations 
391,obtenues via des fournisseurs tiers présents dans l'Annexe 1 grâce à des cookies 
392,que ces derniers ont placés est également soumise aux politiques de confidentialité 
393,desdits fournisseurs. 
394,Si vous disposez d'un compte Activision, les informations collectées par les cookies 
395,peuvent être associées à votre compte.
396,Cookies Flash et pixels espions
397,Adobe Flash Player est une application qui permet aux sites de déployer des 
398,contenus en ligne dynamiques. Adobe Flash et les applications similaires utilisent 
399,une technologie de mémorisation des paramétrages, des préférences et des usages 
400,selon des modalités similaires à celle des cookies de navigateur. Ces applications 
401,sont cependant gérées via une interface autre que celle de votre navigateur 
402,Internet. Vous pouvez accéder à vos outils de gestion Flash directement sur 
403,http://www.adobe.com/ afin de régler vos paramètres de cookies.
404,Nous pourrons de temps en temps utiliser des pixels espions (ou des GIF invisibles) 
405,sur notre site Internet et/ou autres propriétés en ligne, ou les inclure à des 
406,courriels à votre attention. Les pixels espions sont de courtes chaînes de code, soit 
407,une méthode permettant de mettre en ligne une image graphique sur une page 
408,web, ou de l'inclure à un courriel pour les besoins du transfert de données. Nous 
409,utilisons les pixels espions à de nombreuses fins, à savoir notamment la 
410,communication des données de trafic sur le site, les comptes de visiteur unique, 
411,l'envoi de messages publicitaires, l'audit et la communication de données de 
412,courriel, et les activités de personnalisation. 
413,Nous effectuons également le dépistage des adresses de protocole Internet (IP). 
414,Une adresse IP est un numéro utilisé par les ordinateurs sur le réseau afin 
415,d'identifier tout ordinateur dont la connexion a lieu sur Internet.
416,Activision pourra utiliser des données obtenues via des cookies et qui ne sont pas 
417,attribuables à une personne en particulier (des données dont l'anonymat est garanti 
418,ou des données globales, par exemple) et les partager avec des tiers, tels que des 
419,fournisseurs de services ou des partenaires publicitaires. Ces informations peuvent 
420,par exemple servir à assigner un groupe anonyme à des catégories d'intérêts ou 
421,des segments tels que des régions, des préférences de jeu, ou une combinaison. 
422,Nous pouvons également partager des informations obtenues via des cookies et qui 
423,ne sont pas attribuables à une personne en particulier avec des tierces parties telles 
424,que des fournisseurs de services ou des régies publicitaires afin de leur permettre 
425,de fournir des services en notre nom ou de s'associer à Activision pour sélectionner 
426,et offrir des publicités à notre société ou à nos partenaires publicitaires.
427,Sites de réseaux sociaux
428,Si vous êtes inscrit sur un site tel que Facebook, il est possible que ce site ait 
429,installé dans votre appareil un cookie qui vous identifie lorsque vous affichez des 
430,contenus sur nos sites Internet et/ou autres propriétés en ligne. Ces cookies vous 
431,permettent de partager divers contenus sur des sites de réseaux sociaux via les 
432,paramètres de partage. Pour de plus amples renseignements, veuillez consulter la 
433,politique de confidentialité et les conditions d'utilisation du site en question. Pour 
434,plus de détails, consultez la section À propos des médias sociaux, ci-dessous.
435,Plus d'informations
436,Pour plus d'informations sur les cookies, rendez-vous sur :
437,http://www.allaboutcookies.org/ 
438,
439,Qui est responsable du recueil des renseignements sur ma personne et 
440,comment ceux-ci seront-ils utilisés ? 
441,
442,Les renseignements que vous soumettez sur notre site Internet et/ou autres 
443,propriétés en ligne sont recueillis et utilisés par Activision Publishing, Inc., 3100 
444,Ocean Park Boulevard, Santa Monica, CA 90405, USA.
445,Si vous consultez notre site Internet et/ou autres propriétés en ligne depuis un état 
446,membre de l'Union Européenne, les informations que vous soumettez sont 
447,recueillies et utilisées par Activision Blizzard UK Limited of 3 Roundwood Avenue, 
448,Stockley Park, Uxbridge, UB11 1AF, Royaume-Uni. Activision Blizzard UK Limited 
449,est immatriculée en tant que contrôleur de données auprès du Bureau du 
450,commissaire à la protection de la vie privée, sous le numéro Z1095341. En cas de 
451,question concernant la manière dont Activision Blizzard UK Limited utilise et 
452,protège vos informations personnelles, veuillez écrire à l'adresse ci-dessus (à 
453,l'attention des services Affaires juridiques et commerciales/Politique de 
454,confidentialité) ou téléphoner au 00 44 203 060 1000.
455,
456,Activision pourra divulguer des renseignements personnels à des prestataires ou 
457,employer des prestataires pour se procurer des renseignements personnels en son 
458,nom. Ces prestataires procurent un soutien interne au site Internet et/ou autres 
459,propriétés en ligne en assurant certaines des prestations que nous vous proposons 
460,(« prestataires »). Lorsque vous solliciterez ces prestations, il pourra vous être 
461,demandé de préciser vos nom, adresse, courriel ou d'autres renseignements 
462,personnels. Activision ne permet pas aux prestataires de partager ces 
463,renseignements avec des tiers, sauf si cela s'avère nécessaire pour l'exécution des 
464,Prestations, ou de les utiliser à d'autres fins, et exige d'eux qu'ils adhèrent à la 
465,Charte de confidentialité d'Activision, et le cas échéant, aux contrats de traitement 
466,des données conclus entre Activision et ces prestataires. 
467,
468,Les renseignements personnels des visiteurs de notre site Internet et/ou autres 
469,propriétés en ligne extérieurs aux États-Unis pourront par ailleurs être collectés, 
470,traités et stockés directement sur les serveurs aux États-Unis ou dans d'autres pays 
471,où sont basés ou opèrent les affiliés, les filiales, les représentants ou les 
472,prestataires d'Activision ; collectés, traités et stockés sur des serveurs d'autres 
473,pays puis transférés à des serveurs aux États-Unis ou dans d'autres pays où sont 
474,basés ou opèrent les affiliés, les filiales, les représentants ou les prestataires 
475,d'Activision. Il est demandé aux internautes qui refuseraient que les 
476,renseignements sur leur personne soient collectés, traités, stockés et transférés de 
477,ne pas les fournir lorsqu'ils leur seront demandés et de cesser d'utiliser notre site 
478,Internet et/ou autres propriétés en ligne.
479,
480,Avec qui Activision partage-t-il mes renseignements personnels ? 
481,
482,Activision ne partage pas vos renseignements personnels avec des tiers externes et 
483,ne leur vend pas pour leurs propres besoins sans votre accord. Activision ne 
484,divulgue de renseignements personnels que conformément à la présente Charte de 
485,confidentialité en ligne auprès :
486,• des prestataires tels qu'ils sont précisés ci-dessus ;
487,
488,• d'autres tiers dont l'intervention pourrait s'avérer nécessaire pour 
489,l'exécution des transactions via notre site Internet et/ou autres 
490,propriétés en ligne et/ou la prestation de services en ligne demandées 
491,par vous.
492,
493,Vous vous engagez en tout état de cause à communiquer, en toute bonne foi, les 
494,renseignements personnels dont la divulgation est requise par la loi, à savoir 
495,notamment sans s'y limiter : aux autorités en charge de l'application de la loi ou à 
496,d'autres responsables gouvernementaux pour les besoins d'investigations autour de 
497,fraudes, de violations de la propriété intellectuelle ou d'autres activités illégales ou 
498,susceptibles de vous exposer à un risque de sanctions pénales. Nous pouvons 
499,examiner votre façon de jouer et d'autres informations de compte aux fins 
500,d'investigation autour d'allégations de fraude, de piratage ou de toute autre 
501,infraction aux conditions d'utilisation applicable ou à la présente Charte de 
502,confidentialité, et divulguer vos renseignements personnels à nos conseillers et 
503,consultants juridiques ainsi qu'aux autorités en charge de l'application de la loi ou à 
504,d'autres responsables gouvernementaux. En cas de fusion, d'acquisition, de 
505,restructuration, de faillite ou d'évènements similaires, les données clients 
506,d'Activision, y compris des renseignements personnels, pourront être transférées à 
507,notre successeur ou ayant-droit. 
508,
509,Veuillez noter que les renseignements, à savoir les renseignements nominatifs ou 
510,ceux que vous pourriez communiquer via un tableau d'affichage électronique, un 
511,salon en ligne, ou d'autres forums publics, peuvent être librement consultés.
512,
513,Puis-je choisir le mode d'utilisation de mes renseignements personnels ? 
514,
515,Si vous souhaitez vous désinscrire de concours ou d'opérations promotionnelles ou 
516,de la liste de destinataires des newsletters d'Activision, il vous suffit de cliquer sur 
517,le lien de désinscription dans la newsletter électronique ou d'accéder à votre 
518,compte sur http://www.activision.com/ et de modifier/supprimer vos 
519,renseignements. Vous aurez besoin de votre mot de passe pour accéder à votre 
520,compte personnel. Si vous ne souhaitez pas qu'Activision réponde à votre demande 
521,de soutien à la clientèle, vous pouvez vous désinscrire de la liste des destinataires 
522,des réponses à ce type de demandes en nous contactant par courriel régulier à 
523,Activision Publishing, Inc., 3100 Ocean Park Boulevard, Santa Monica, CA 90405 
524,USA, ATTN: Business and Legal Affairs/Privacy Policy. Nous serons heureux de 
525,répondre à votre demande. Toutefois, nonobstant toute suppression en vertu de ce 
526,paragraphe, vous reconnaissez que nous pourrons choisir, dans certaines 
527,circonstances, de vous communiquer les informations relatives à votre compte lui-
528,même, de telle sorte notamment que vous soyez averti/e de son éventuelle 
529,expiration.
530,
531,* Les droits à la vie privée consacrés en Californie
532,
533,Depuis 2005, l'alinéa 1798.83 du code civil californien permet à nos clients 
534,résidents de l'État de Californie de réclamer des renseignements personnels que 
535,nous pourrions divulguer à des tiers pour les besoins de leurs opérations de 
536,marketing direct. Nous ne partageons pas les renseignements personnels de nos 
537,clients avec des tiers non affiliés à de telles fins. Les demandes relatives à notre 
538,politique de divulgation peuvent nous être envoyées par courriel à 
539,websitedisclosurepolicy@activision.com ou à notre adresse postale : Activision 
540,Publishing, Inc., 3100 Ocean Park Boulevard, Santa Monica, CA 90405 USA, ATTN: 
541,Business and Legal Affairs/Privacy Policy. Nous serons heureux de répondre à votre 
542,demande.
543,
544,* À propos des médias sociaux
545,Vous pouvez également être en contact avec nous via des sites tiers de réseaux 
546,sociaux tels que Facebook et Twitter (ou des applications/plug-ins de médias 
547,sociaux tiers) (« Médias sociaux »). Lorsque vous vous impliquez avec nos contenus 
548,sur ou via des Médias sociaux, vous nous autorisez à accéder à certaines 
549,informations de votre profil sur le Média social concerné (exemples : nom, adresse 
550,e-mail, photo, sexe, date d'anniversaire, lieu, liste d'amis, abonnées, pages suivies, 
551,personnes suivies, publications) afin de fournir le contenu ou en tant qu'élément 
552,d'utilisation de l'application. Nous pouvons également recueillir des renseignements 
553,relatifs à votre interaction avec nos contenus (contenus affichés, performances de 
554,jeu, records, informations concernant la publicité affichées dans les contenus 
555,affichés ou sur lesquelles vous cliquez, etc.).
556,Lorsque vous fournissez des informations relatives à votre compte sur un Média 
557,social, cela nous permet (1) de vous offrir des contenus exclusifs, (2) de 
558,personnaliser votre expérience en ligne sur et hors de nos sites (et/ou 
559,applications), et (3) de vous contacter conformément aux préférences publicitaires 
560,enregistrées via les réseaux sociaux ou directement en vous envoyant les dernières 
561,actualités, les offres spéciales et les récompenses. Vous consentez à l'utilisation de 
562,ces informations conformément à notre Politique de confidentialité. Lorsque vous 
563,publiez des informations personnelles publiquement via nos sites Internet ou 
564,propriétés en ligne, ou sur des réseaux sociaux, celles-ci peuvent être consultées 
565,publiquement par d'autres membres de ces sites. Nous ne sommes pas en mesure 
566,d'empêcher l'utilisation de ces informations par des tierces parties.
567,Les sites de Médias sociaux et les applications vous permettent, dans la plupart des 
568,cas, de choisir de partager ou non des données en modifiant vos paramètres de 
569,confidentialité sur le site ou l'application en question. Pour plus d'informations sur la 
570,manière dont les Médias sociaux et les applications utilisent et protègent vos 
571,informations personnelles, veuillez consulter les politiques de confidentialité et les 
572,conditions d'utilisation des parties concernées.
573,
574,* Applications mobiles partenaires
575,Nous sommes en partenariat avec certaines applications mobiles relatives aux 
576,statistiques, à la publicité et aux technologies, incluant sans s'y limiter, SWRVE New 
577,Media, Flurry et Kochava. Ces partenaires peuvent utiliser des pixels espions, des 
578,agents ou d'autres technologies d'identification des visiteurs qui collectent, utilisent, 
579,partagent et stockent les données relatives aux utilisateurs finaux et les campagnes 
580,publicitaires visant à promouvoir nos applications mobiles. En utilisant les 
581,applications mobiles Activision, vous acceptez lesdites activités. Pour de plus 
582,amples renseignements sur les politiques de confidentialité de ces partenaires et les 
583,options de désactivation, consultez l'Annexe 1 de la présente Charte de 
584,confidentialité d'Activision.
585,
586,* Comment puis-je accéder à mes renseignements personnels ? 
587,
588,Si, pour une raison ou une autre, vous souhaitez réviser, corriger ou supprimer les 
589,renseignements personnels collectés vous concernant, il vous suffit d'accéder à 
590,votre compte du site Internet ou sur http://www.activision.com/ et de 
591,modifier/supprimer vos renseignements. Vous aurez besoin de votre mot de passe 
592,pour accéder à votre compte personnel. Vous pouvez également nous contacter par 
593,courriel pour nous demander de supprimer votre compte à l'adresse 
594,removeaccount@activision.com, ou bien nous écrire à Activision Publishing, Inc., 
595,3100 Ocean Park Boulevard, Santa Monica, CA 90405 USA, ATTN: Business and 
596,Legal Affairs/Privacy Policy (Activision Blizzard UK Limited, 3 Roundwood Avenue, 
597,Stockley Park, Uxbridge, UB11 1AF, UK pour les utilisateurs d'un état membre de 
598,l'Union Européenne). Nous serons heureux, s'il y a lieu, de procéder à la révision, à 
599,la mise à jour ou à la suppression des données demandées. Des copies résiduelles 
600,de renseignements supprimés de votre compte peuvent subsister dans nos 
601,systèmes de sauvegarde pendant 30 jours maximum. Dans certains cas, nous 
602,pouvons conserver vos renseignements afin de régler des litiges, faire respecter 
603,notre contrat utilisateur, ou respecter les dispositions légales ; dans ce cas, 
604,l'utilisation de vos renseignements personnels à toute autre fin sera bloquée.
605,
606,
607,
608,* Activision collecte-t-il les renseignements personnels d'enfants de moins 
609,de 13 ans ? 
610,
611,Nous ne nous procurerons ni ne stockerons volontairement de renseignements dont 
612,le propriétaire puisse être identifié tels que nom, adresse postale ou électronique 
613,auprès d'enfants de moins de 13 ans.
614,
615,Nous reconnaissons une obligation spéciale de protection des renseignements 
616,personnels obtenus auprès de jeunes enfants. Nous enjoignons les parents à aviser 
617,leurs enfants de ce qu'ils ne doivent jamais divulguer leurs nom, adresse ou 
618,numéros de téléphone réels, en ligne, sans autorisation. Les enfants dont l'âge est 
619,compris entre 12 et 17 ans devront encourager leurs parents à consulter la 
620,présente Charte de confidentialité et à nous contacter, s'ils le souhaitent, au sujet 
621,de notre politique d'exclusion ou sur tout autre point. 
622,
623,De temps en temps, certaines sections de ce site Internet et/ou autres propriétés 
624,en ligne pourront permettre à l'ensemble des internautes (à savoir notamment les 
625,enfants de moins de 13 ans) de divulguer une quantité limitée de renseignements 
626,personnels sans qu'ils aient besoin, dans un premier temps, de nous communiquer 
627,leur âge ou de solliciter l'autorisation de leurs parents. Ces sections de notre site 
628,Internet concernent des activités ou des prestations pour lesquelles l'autorisation 
629,des parents n'est pas requise.
630,
631,
632,* Quels garde-fous Activision utilise-t-il pour protéger mes 
633,renseignements personnels ? 
634,
635,Activision prend les mesures nécessaires pour garantir la qualité des 
636,renseignements, notamment de ceux obtenus auprès des visiteurs de notre site 
637,Internet et/ou autres propriétés en ligne. Activision a également pris des mesures 
638,raisonnables afin de maintenir la sécurité de l'ensemble des renseignements 
639,recueillis et leur conservation dans leur forme originale, autrement dit sans 
640,qu'aucune modification n'y soit apportée. L'accès à l'ensemble des renseignements 
641,personnels est strictement contrôlé. Nous prenons par ailleurs des mesures 
642,raisonnables afin de garantir que les prestataires en charge de se procurer des 
643,renseignements personnels en notre nom offrent un niveau de protection 
644,nécessaire de ces renseignements.
645,
646,Comment puis-je poser une question ou soumettre une réclamation ? 
647,
648,Les questions ou les réclamations relatives à la présente Charte de confidentialité 
649,peuvent être adressées à Activision Publishing, Inc., 3100 Ocean Park Boulevard, 
650,Santa Monica, CA 90405, ATTN: Business and Legal Affairs/Privacy Policy ou par 
651,téléphone, auprès du même service, au (001) 310 255 2000 (Activision Blizzard UK 
652,Limited, 3 Roundwood Avenue, Stockley Park, Uxbridge, UB11 1AF, UK (00 44 203 
653,060 1000) pour les utilisateurs d'un état membre de l'Union Européenne).
654,
655,Annexe 1
656,Votre site Internet ou autre propriété en ligne Activision peut contenir les cookies 
657,tiers (à des fins statistiques ou publicitaires). Pour plus de détails sur les politiques 
658,de confidentialité et la désactivation des cookies de ces tierces parties, veuillez 
659,cliquer sur les liens ci-dessous. Pour de plus amples renseignements sur la gestion 
660,des cookies, consultez la section Cookies de la présente Charte de confidentialité 
661,d'Activision.
662,Propriété 
663,en ligne
664,Cookie
665,s tiers
666,
667,Chartes de confidentialité et désactivation des cookies 
668,de tierces parties
669,Sites 
670,Internet
671,Add 
672,This
673,http://www.addthis.com/privacy/privacy-
674,policy#.UGQ9_I2PUsc
675,http://www.addthis.com/advertising-choices#.UF26LqTyZDQ
676,
677,
678,Comsco
679,re
680,http://www.comscore.com/About_comScore/Privacy_Policy
681,http://www.sitestat.com/ 
682,
683,
684,Cross 
685,Pixel 
686,Media
687,
688,http://datadesk.crsspxl.com/#
689,http://www.networkadvertising.org/choices/
690,
691,
692,Data 
693,Logix
694,
695,https://www.datalogix.com/privacy/
696,
697,Google 
698,Analytic
699,s
700,
701,https://tools.google.com/dlpage/gaoptout
702,
703,MediaMi
704,nd
705,
706,http://www.mediamind.com/privacy-policy
707,
708,Media6 
709,Degrees
710,
711,http://m6d.com/privacy/privacy-policy/
712,
713,ScoreCa
714,rd 
715,Researc
716,h
717,
718,http://www.scorecardresearch.com/privacy.aspx?action=coo
719,kieTest&trackid=-
720,1&sitegroup=20&siteid=10300&languageid=1
721,
722,
723,ShareT
724,his
725,http://sharethis.com/privacy#sthash.aRj1rLCs.dpbs
726,http://sharethis.com/privacy#sthash.5xqltfgK.dpbs
727,
728,
729,Tribal 
730,Fusion
731,
732,http://www.exponential.com/about-us/privacy.html
733,
734,Videolo
735,gy
736,
737,http://www.videologygroup.com/index.php/en/menu-
738,privacy-policy.html
739,Applicati
740,ons pour 
741,téléphon
742,es et 
743,tablettes
744,
745,Swrve
746,http://swrve.com/privacy-policy/
747,
748,Flurry
749,
750,http://www.flurry.com/user-opt-out.html
751,
752,Kochav
753,a
754,
755,http://kochava.com/privacy/
756,
757,
758,12 OCTOBRE 2012
759,
760,REMARQUE IMPORTANTE : LE PRÉSENT ACCORD FAIT L'OBJET D'UN ARBITRAGE EXÉCUTOIRE ET D'UNE 
761,RENONCIATION À ENTREPRENDRE OU PARTICIPER À UN RECOURS COLLECTIF, TEL QUE DÉCRIT DANS LA SECTION 
762,[22]
763,
764,LICENCE D'EXPLOITATION ET ACCORD D'UTILISATION (l'"Accord")
765,
766,Vous reconnaissez que l'utilisation du site Internet, de l'application pour tablette ou téléphone mobile 
767,("Application"), du Compte (tel que défini ci-dessous), service ou autre propriété (y compris le Service et/ou le 
768,Contenu fourni par le Service) exploités et fournis par Activision, ou de tout autre logiciel fourni par Activision, y 
769,compris les patches, mises à jour et contenus téléchargeables associés à une Application ou à d'autres logiciels 
770,(collectivement le "Produit" ou les "Produits") qui contiennent, renvoient vers ou intègrent de quelque façon que 
771,ce soit le présent Accord, est soumise aux conditions de la présente.
772,
773,Tous les droits qui ne vous ont pas été expressément accordés sont réservés à Activision et ses sociétés 
774,apparentées.
775,
776,L'utilisation du Produit est également soumise à la Charte de confidentialité d'Activision.
777,
778,Veuillez lire attentivement le présent Accord et la Charte de confidentialité avant d'utiliser le Produit. Si vous ne 
779,souhaitez pas accepter les conditions du présent Accord ou de la Charte de confidentialité, veuillez ne pas utiliser 
780,le Produit. En utilisant le Produit, vous acceptez d'être lié par le présent Accord et la Charte de confidentialité et 
781,affirmez remplir les conditions d'éligibilité décrites ci-dessous.
782,
783,
784,1. ÉLIGIBILITÉ
785,1.1 Afin d'utiliser certains produits, il peut vous être demandé :
786, • d'avoir l'âge minimum requis (cf. Sections 1 et 8)
787, • d'accepter les conditions de tierces parties (cf. Section 13)
788, • d'ouvrir un Compte exploité et fourni par Activision (cf. Section 8) 
789,
790,1.2 Sous réserve des restrictions, de la classe d'âge du Produit et des exigences relatives au Compte, les 
791,Produits sont destinés aux personnes de 13 ans et plus. Les personnes entre 13 et 18 ans doivent lire 
792,attentivement le présent Accord et la Charte de confidentialité avec un parent ou tuteur légal. Les 
793,parents/tuteurs légaux sont solidairement responsables de la totalité des actions (y compris les achats et 
794,paiements relatifs aux Contenus fournis par le Service) et des omissions de leurs enfants de moins de 18 
795,ans utilisant un Produit. Activision conseille aux parents et tuteurs légaux de prendre connaissance des 
796,options de contrôle parental disponibles sur les appareils utilisés par leurs enfants et de ne pas laisser les 
797,enfants de moins de 13 ans se connecter à Internet sans être accompagnés.
798,
799,2. ACCÈS ET COÛTS
800,
801,2.1 Vous acceptez de fournir, à vos frais, l'équipement, les frais de connexion Internet ou autre nécessaires à 
802,l'accès et l'utilisation du Produit. Activision ne garantit en rien l'accessibilité au Produit depuis tous les 
803,ordinateurs personnels, consoles de jeux, smartphones, tablettes ou autres appareils (individuellement 
804,Appareil, collectivement "Appareils"), par Internet ou autre fournisseur de connexion, ou depuis tous 
805,les pays.
806,
807,VOUS ÊTES SEUL RESPONSABLE DES FRAIS TIERS ENGENDRÉS POUR L'UTILISATION DU PRODUIT.
808,
809,3. LICENCE
810,
811,3.1 Activision vous accorde un droit d'utilisation du Produit pour usage non commercial personnel, limité, 
812,non exclusif et, dans la mesure permise par la loi applicable, non transférable. Toute location, cession, 
813,vente, redistribution, cession en sous-licence ou tout prêt du Produit est interdit(e). Vous ne pouvez 
814,copier (sauf mesure permise par la licence et les dispositions, conditions ou règles d'usage applicables), 
815,décompiler, procéder à l'ingénierie à rebours, désassembler, modifier, tenter de dériver le code source, 
816,créer des produits dérivés du Produit, des mises à jour ou partie des éléments cités (excepté et 
817,uniquement dans la mesure où l'une quelconque des restrictions précédentes est interdite par la loi 
818,applicable ou dans la mesure de ce qui est autorisé par les conditions de licence régissant l'utilisation de 
819,tout composant d'un logiciel libre intégré dans l'Application sous licence). Vous n'êtes pas autorisé à 
820,supprimer ou modifier les marques commerciales, logos ou mentions légales d'Activision ou de ses 
821,sociétés apparentées inclus dans le Produit ou dans des fonctions liées. Toute tentative d'utilisation du 
822,Produit dans le non-respect des termes du présent Accord constitue une violation des droits d'Activision 
823,et de ses sociétés apparentées. En cas de violation des termes de la présente, des poursuites peuvent 
824,être engagées contre vous. Les termes du présent Accord régissent la totalité des mises à jour fournies 
825,par Activision qui remplacent ou complètent le Produit, sauf si les mises à jour concernées sont 
826,accompagnées d'un accord séparé (et/ou actualisé), auquel cas les termes dudit accord prévalent.
827,
828,3.2 Si le Produit est une Application, alors sauf autorisation expresse par écrit d'Activision :
829,• l'installation et l'utilisation sont limitées à l'Appareil autorisé ; et
830,• vous ne pouvez réaliser une copie de l'Application disponible sur un réseau depuis lequel elle peut 
831,être utilisée ou téléchargée par de multiples utilisateurs. 
832,3.3 Les droits de licence qui vous sont accordés par les présentes sont également soumis aux limitations 
833,établies ci-dessous. Toute utilisation du Produit non conforme à ces limitations constitue une violation 
834,grave du présent Accord, vous soumet à une révocation immédiate de votre licence et sera considérée 
835,comme une atteinte aux droits d'auteur d'Activision ainsi qu'à d'autres droits en rapport avec le Produit. 
836,Vous acceptez, en toutes circonstances, de ne pas :
837,
838,A. utiliser, développer, héberger ou distribuer de codes de triche, de logiciels d'automatisation 
839,(bots), de salons modérés, de piratage, de modification ou d'autres logiciels tiers non autorisés 
840,en rapport avec le Produit, ou de participer à toute action de triche, de boost ou de 
841,redémarrage ;
842,
843,B. exploiter ou rétro concevoir le Produit pour des raisons commerciales, y compris, notamment 
844,mais pas exclusivement (a) permettre l'utilisation dans un cybercafé, une salle de jeux 
845,électroniques ou toute autre site sans l'accord écrit d'Activision ; (b) pour récolter de l'argent, 
846,des objets ou des ressources au sein du Jeu et les revendre hors du Produit ; (c) pour offrir des 
847,services au sein du Jeu en échange d'un paiement en dehors du Produit, par exemple le power-
848,leveling ; ou (d) la vente de comptes, d'informations de connexion, ou d'autres éléments, accès 
849,ou droits au Produit ;
850,
851,C. utiliser de logiciels tiers non autorisés qui interceptent, "minent" ou récoltent d'une autre façon 
852,les informations du Produit ;
853,
854,D. sauf autorisation écrite d'Activision, héberger, fournir ou développer des services de mise en 
855,relation pour le Produit, ou intercepter, émuler ou rediriger les protocoles de communication 
856,utilisés par Activision de quelque façon et pour quelque but que ce soit, y compris notamment 
857,mais pas exclusivement, le jeu non autorisé sur internet, le jeu en réseau, ou en tant que partie 
858,de réseaux d'agrégation de contenu ;
859,
860,E. faciliter, créer ou entretenir une connexion non autorisée au Produit, y compris notamment mais 
861,pas exclusivement (a) toute connexion à un serveur non autorisé émulant ou tentant d'émuler le 
862,Produit, et (b) tout connexion à l'aide de programmes ou d'outils non expressément approuvés 
863,par Activision par écrit ;
864,
865,F. violer tout règlement ou loi en vigueur en relation avec votre utilisation du Produit ; 
866,
867,G. interrompre ou prendre part à l'interruption de : (i) tout ordinateur, appareil ou serveur servant 
868,au Jeu et/ou au Produit ; ou (ii) l'utilisation du Produit par un autre joueur. TOUTE TENTATIVE DE 
869,VOTRE PART D'INTERRUPTION DU PRODUIT OU DE PERTURBATION DE SON FONCTIONNEMENT 
870,NORMAL PEUT ÊTRE CONSIDÉRÉE COMME UNE VIOLATION DU DROIT PÉNAL ET CIVIL ; 
871,
872,H. interférer ou tenter d'interférer dans le fonctionnement du Produit de quelque manière que ce 
873,soit, à l'aide de quelque méthode ou appareil que ce soit, y compris notamment mais pas 
874,exclusivement, lancer une attaque de déni de service, spammer, pirater ou envoyer des virus 
875,informatiques ou des time bombs ; ou
876,
877,I. reproduire, distribuer, diffuser, transférer ou utiliser toute partie du Produit sans autorisation 
878,expresse d'Activision.
879,
880,4. SERVICES
881,
882,Nonobstant toute licence d'utilisation de la propriété intellectuelle d'Activision ou de ses sociétés 
883,apparentées décrite dans la section 3 ci-dessus, certains Produits peuvent contenir des fonctions de jeu 
884,ou des contenus accessibles uniquement via un hébergement en ligne et/ou d'autres fonctions et services 
885,en ligne fournis par Activision (les "Services"). Tel qu'énoncé dans la Section 2, il est de votre 
886,responsabilité de fournir l'accès Internet nécessaire à l'utilisation desdits Services, à vos frais. Ces Services 
887,vous sont fournis par Activision en tant que services personnels, non commerciaux et non transférables et 
888,sont soumis au présent Accord et à la Charte de confidentialité d'Activision.
889,
890,5. UTILISATION DES DONNÉES
891,
892,POUR PLUS DE DÉTAILS SUR LA MANIÈRE DONT ACTIVISION COLLECTE, STOCKE ET UTILISE LES DONNÉES 
893,PERSONNELLES ET AUTRES, VEUILLEZ CONSULTER LA CHARTE DE CONFIDENTIALITÉ APPLICABLE.
894,(HTTP://WWW.ACTIVISION.COM/ATVIHUB/PRIVACY.DO?SUB=PRIVACY). 
895,
896,5.1 VOUS ETES TENU DE CONSULTER, D'ACCEPTER DE CONSULTER LA CHARTE DE CONFIDENTIALITÉ 
897,D'ACTIVISION AINSI QUE LES POLITIQUES DE CONFIDENTIALITÉ TIERCES APPLICABLES PRECISÉES DANS LA 
898,CHARTE DE CONFIDENTIALITÉ D'ACTIVISION ET SUSCEPTIBLES DE COLLECTER DES INFORMATIONS VIA LE 
899,PRODUIT. SI VOUS NE SOUHAITEZ PAS CONSULTER LESDITES POLITIQUES DE CONFIDENTIALITÉ OU SI 
900,VOUS N'ÊTES PAS CONCERNÉ PAR LES INFORMATIONS COLLECTÉES, VEUILLEZ NE PAS UTILISER LE 
901,PRODUIT.
902,
903,6. CONTENU GÉNÉRÉ PAR LES UTILISATEURS
904,
905,6.1 Le Produit peut comprendre des forums, des fonctions de partage de contenu, et d'autres moyens grâce 
906,auxquels vous pouvez partager du contenu que vous avez créé ("CGU") avec d'autres utilisateurs. En 
907,envoyant du CGU (y compris notamment mais pas exclusivement, des images, des vidéos, des questions 
908,au service clients, des idées, des suggestions et des messages sur les forums), vous accordez 
909,automatiquement (ou déclarez et garantissez que le propriétaire des droits a expressément accordé) à 
910,Activision un droit et une licence perpétuels, mondiaux, sans frais, irrévocables et non exclusifs pour 
911,l'utilisation, la reproduction, la modification, l'adaptation, la publication, la traduction, la sous-licence, la 
912,création d'œuvres dérivées et la distribution de ce CGU ou l'incorporation de ce CGU dans tout média, 
913,forme ou technologie connus actuellement ou développés dans l'avenir dans tout l'univers, et vous 
914,accordez à Activision la permission d'utiliser sans restriction le CGU dans quelque but que ce soit, 
915,commercial ou autre, sans compensation, préavis ou attribution. Vous renoncez à tout droit moral ou 
916,autre quant au contenu de votre CGU et acceptez de ne pas les revendiquer. Si vous vous utilisez le 
917,Produit de façon valide hors des États-Unis d'Amérique ou du Royaume-Uni, Activision peut se voir forcé 
918,de vous demander de signer un nouveau contrat de licence autorisant Activision à utiliser le CGU à 
919,certaines fins promotionnelles, administratives ou autres, auxquelles vous acceptez de participer si 
920,Activision le demande.
921,6.2 Dans la mesure où le Produit permet aux autres utilisateurs d'accéder à votre CGU et de l'utiliser, vous 
922,accordez également à tous les autres utilisateurs du Produit le droit à l'utilisation, la reproduction, la 
923,modification, l'exposition, la démonstration, la création d'œuvres dérivées et la communication et 
924,distribution par d'autres biais de votre CGU sur le Produit ou par son intermédiaire sans préavis, 
925,attribution ou compensation.
926,6.3 Vous déclarez et garantissez que tout le CGU que vous fournissez (i) ne constitue pas et ne constituera 
927,pas un manquement aux droits de propriété intellectuelle d'un tiers et/ou aux droits d'une autre 
928,personne, y compris notamment mais pas exclusivement, ce que l'on appelle les droits moraux ; et (ii) 
929,que son utilisation évoquée par les présentes ne nécessite pas et ne nécessitera pas le paiement de 
930,droits d'auteur ou d'une contrepartie à une tierce partie. Vous ne pouvez pas envoyer ou publier de CGU 
931,s'il constitue une atteinte aux droits d'auteur, aux marques déposées ou à d'autres droits de propriété 
932,intellectuelle d'un tiers, ni s'il enfreint le droit à la confidentialité ou à la publicité d'un tiers ou s'il 
933,nécessite le paiement de droits d'auteur ou d'une contrepartie à une tierce partie. Chaque utilisateur est 
934,responsable du CGU qu'il/elle place sur ou via le Produit, y compris la transmission, publication ou autre 
935,envoi de textes, fichiers, liens, logiciels, photos, vidéos, sons, musiques ou autres informations ou 
936,éléments. Vous ne pouvez envoyer que votre propre CGU sur le Produit ; n'envoyez pas le CGU de 
937,quelqu'un d'autre.
938,6.4 Activision n'a aucune obligation de contrôle, approbation, vérification ou prévisualisation du CGU que 
939,vous et les autres utilisateurs pouvez envoyer sur ou via le Produit. Activision se réserve le droit de 
940,supprimer, bloquer, modifier, déplacer ou désactiver le CGU pour toute raison à sa seule discrétion, mais 
941,sans en avoir l'obligation. Dans la mesure autorisée par la loi en vigueur, Activision n'a aucune 
942,responsabilité quant à votre CGU ou au CGU d'autres utilisateurs, ou quant au défaut de contrôle, de 
943,modification ou de suppression du CGU. Vous acceptez de ne pas tenir Activision pour responsable de 
944,toute perte ou dommage résultant du contenu de tout CGU (vous appartenant ou appartenant à 
945,d'autres utilisateurs), y compris, notamment mais pas exclusivement, en ce qui concerne la diffamation, 
946,le harcèlement ou la fausse approbation.
947,6.5 Vous trouverez ci-dessous une liste non exhaustive de manquements pouvant amener Activision à 
948,fermer ou suspendre votre accès au Produit et/ou à restreindre votre accès et/ou à envoyer du CGU. 
949,Vous acceptez de n'entreprendre aucune des actions suivantes pendant votre utilisation du Produit :
950,
951,A. Harceler, menacer, embarrasser ou causer des soucis ou de la gêne à un autre participant ou 
952,utilisateur, ou à une autre personne physique ou morale ;
953,
954,B. Transmettre un CGU considéré par Activision comme pernicieux, illicite, nocif, menaçant, 
955,injurieux, harcelant, diffamatoire, vulgaire, obscène, haineux, ou désobligeant d'un point de vue 
956,racial, sexuel, ethnique ou autre ;
957,
958,C. Usurper l'identité de toute personne ou entité, y compris notamment mais pas exclusivement 
959,Activision ;
960,
961,D. Perturber le fonctionnement normal du Produit, ou agir d'une autre manière affectant 
962,négativement les autres participants et/ou l'expérience globale du Produit ;
963,
964,E. Publier ou transmettre toute publicité ou éléments promotionnels non sollicités, ou toute forme 
965,de sollicitation ;
966,
967,F. Commettre un manquement intentionnel ou non à tout traité, règlement ou loi en application 
968,lors de l'utilisation ou de l'accès au Produit ;
969,
970,G. Publier le même contenu à plusieurs reprises (par exemple du spam) ; ou
971,
972,H. S'immiscer dans la vie privée ou attenter à tout droit de toute personne physique ou morale, y 
973,compris notamment mais pas exclusivement, les droits de propriété intellectuelle.
974,
975,6.6 Activision n'approuve ni ne garantit l'exactitude, l'efficacité ou la véracité de tout CGU généré par les 
976,utilisateurs.
977,6.7 Certains Produits vous permettent de partager certaines informations vous concernant avec le public, y 
978,compris des personnes non inscrites au Produit, et le public peut accéder à ces informations, les utiliser 
979,et les relier à vous. Vous reconnaissez et confirmez que vous n'avez aucune attente concernant la 
980,confidentialité lorsque vous utilisez ces fonctionnalités du Produit, y compris notamment mais pas 
981,exclusivement, l'envoi de CGU, la comparaison de vos statistiques, records et classements à ceux des 
982,autres utilisateurs, la recherche d'utilisateurs par nom d'utilisateur, la découverte d'événements où 
983,d'autres utilisateurs se sont inscrits, et la publication de liens vers des comptes de réseaux sociaux 
984,affichant publiquement les informations des utilisateurs. Par exemple, en vous connectant à vos comptes 
985,de réseaux sociaux à partir du Produit, si cette fonctionnalité est activée, vous acceptez que, sous 
986,réserve des paramètres de confidentialité appliqués à vos comptes de réseaux sociaux et sous réserve de 
987,la Charte de confidentialité d'Activision, Activision puisse lier et afficher vos informations de jeu, y 
988,compris votre gamertag et/ou nom d'utilisateur, à vos informations de compte de réseau social, y 
989,compris, par exemple, votre nom et le nom de vos amis utilisant le Produit. Pour plus de détails, 
990,consultez la section 8.5.
991,
992,7. NOTE SUR LES DROITS D’AUTEUR
993,
994,7.1 Activision respecte les droits de propriété intellectuelle d'autrui et s'attend à ce que ses joueurs et les 
995,utilisateurs de ses services fassent de même. Si vous pensez qu'un contenu apparaissant dans le Produit 
996,et/ou CGU a été copié d'une façon qui constitue une atteinte au droit d'auteur, merci de faire passer les 
997,informations suivantes à l'agent spécialisé nommé ci-après.
998,7.2 Attention, pour être valide, votre notification d'atteinte au droit d'auteur doit être conforme à la loi dite 
999,Digital Millennium Copyright Act ("DMCA"). Nous vous encourageons à lire le paragraphe 17 U.S.C. § 
1000,512(c)(3) du DMCA ou de consulter un juriste avant d'envoyer une notification en application de cette 
1001,loi.
1002,7.3 Pour fournir une notification d'atteinte au droit d'auteur, vous devrez envoyer un document écrit 
1003,contenant les éléments suivants, à l'adresse ci-après :
1004,
1005,A. Vos nom, adresse, numéro de téléphone et adresse e-mail ;
1006,
1007,B. Une description de l'œuvre soumise au droit d'auteur à laquelle on a selon vous porté atteinte ;
1008,
1009,C. L'URL exacte ou une description précise de l'endroit où l'élément problématique est situé ;
1010,
1011,D. Une déclaration selon laquelle vous pensez en toute bonne foi que l'utilisation en question n'a 
1012,pas été autorisée par le propriétaire des droits, son agent, ou la loi ;
1013,
1014,E. Une signature électronique ou physique de la personne autorisée à agir au nom du propriétaire 
1015,des droits ; et
1016,
1017,F. Une déclaration sur l'honneur que les informations ci-dessus sont exactes et que vous êtes le 
1018,propriétaire des droits ou que vous êtes autorisé à agir au nom de celui-ci.
1019,
1020,Activision Publishing, Inc. 
1021,3100 Ocean Park Boulevard 
1022,Santa Monica, California 90405 
1023,États-Unis d'Amérique 
1024,À l'attention de : Activision Business and Legal Affairs  
1025,Fax : (310) 255-2152  
1026,E-Mail : legalaffairs@activision.com
1027,
1028,7.3.1 Attention : selon les termes du DMCA, vous pouvez être responsable des dommages (y compris 
1029,les coûts et frais d'avocat) si vous effectuez une déclaration mensongère. De plus, les 
1030,informations fournies dans votre notification d'atteinte au droit d'auteur peuvent être fournies à 
1031,la personne responsable des éléments que vous dénoncez comme portant atteinte au droit 
1032,d'auteur.
1033,
1034,8. COMPTES ACTIVISION (Y COMPRIS LES COMPTES CALL OF DUTY ELITE)
1035,
1036,VOUS ÊTES RESPONSABLE DES ACTIVITÉS RELATIVES À VOTRE COMPTE. NE RÉVÉLEZ VOTRE MOT DE PASSE À 
1037,PERSONNE.
1038,
1039,8.1 INSCRIPTION
1040,Si le Produit nécessite que vous fournissiez des informations d'inscription, toutes ces demandes 
1041,d'informations sont soumises à la fois au présent Accord d'utilisation et à la Charte de confidentialité 
1042,d'Activision, qui est incorporé par référence aux présentes, à l'image de toute autre condition tierce. Vous 
1043,avez la possibilité d'accepter ou de refuser de fournir ces informations. Cependant, si vous choisissez de 
1044,ne pas les fournir, votre accès au Produit peut s'en trouver limité ou non disponible. Si vous décidez de 
1045,nous fournir les informations demandées, vous déclarez et garantissez que vous fournirez uniquement 
1046,des informations correctes, à jour et exactes. Vous acceptez de ne pas usurper l'identité de toute 
1047,personne physique ou morale et de ne pas présenter sous un faux jour votre identité ou votre affiliation à 
1048,toute personne physique ou morale. Il peut vous être demandé de confirmer vos informations 
1049,s'inscription (comme votre adresse e-mail) afin de continuer à utiliser le Produit ; si vous refusez de 
1050,confirmer lesdites informations, votre accès au Produit peut être restreint ou résilié.
1051,
1052,8.2 ÉLIGIBILITE
1053,Vous confirmez avoir au moins l'âge adapté pour la classification du Produit en vigueur dans le pays où 
1054,vous l'utilisez. Vous confirmez avoir les capacités et compétences nécessaires pour accepter les termes, 
1055,conditions, obligations, déclarations et responsabilités établies dans le présent Accord, et pour vous 
1056,conformer au présent Accord.
1057,En vertu des classifications d'âge et autres restrictions applicables, vous ne pouvez créer un compte que si 
1058,(i) vous êtes âgé de 18 ans ou plus et que vous êtes une personne physique dans votre pays de résidence, 
1059,ou (ii) si l'un de vos parents ou tuteurs légaux lit et accepte les conditions du présent Accord et de la 
1060,Charte de confidentialité d'Activision en leur nom et en votre nom si vous êtes âgé de 13 ans ou plus mais 
1061,de moins de 18 ans. Les sociétés, sociétés à responsabilité limitée, partenaires et autres entités légales ou 
1062,commerciales ne peuvent créer de compte. Toute personne ayant reçu interdiction par Activision 
1063,d'utiliser le Service ne peut créer ni utiliser un Compte, et braver cette interdiction pourrait entraîner de 
1064,graves sanctions pénales ou civiles. En acceptant le présent Accord, vous déclarez et garantissez que vous 
1065,remplissez les conditions d'éligibilité énoncées.
1066,
1067,8.3 PARENTS ET TUTEURS LEGAUX
1068,Vous reconnaissez être responsable des utilisations du Compte par votre enfant, que vous les ayez 
1069,autorisées ou non. Activision est en droit de suspendre, résilier ou supprimer tout compte utilisé.
1070,Les Comptes Skylanders Universe ne collectent aucune information permettant de vous identifier 
1071,personnellement (nom, adresse, etc.) et ne sont pas soumis à des restrictions d'âge, mais nécessitent le 
1072,consentement et l'accord d'un parent ou tuteur légal, qui doit accepter via une confirmation par e-mail les 
1073,termes du présent Accord et de la Charte de confidentialité d'Activision au nom de leur enfant.
1074,
1075,8.4 SUSPENSION/SUPPRESSION DE COMPTE
1076,ACTIVISION PEUT SUSPENDRE, RÉSILIER, MODIFIER OU SUPPRIMER TOUT COMPTE DU SERVICE À TOUT 
1077,MOMENT POUR TOUTE RAISON OU MÊME SANS RAISON, AVEC OU SANS PRÉAVIS, DANS LA MENSURE 
1078,AUTORISÉE PAR LA LOI EN VIGUEUR. Explication sans valeur limitative : de nombreuses suspensions, 
1079,résiliations et/ou suppressions de comptes du Service peuvent résulter de manquements au présent 
1080,Accord.
1081,
1082,8.5 MÉDIAS SOCIAUX
1083,Si vous êtes inscrit sur des sites de médias sociaux, vous pouvez connecter votre compte sur ledit site à 
1084,votre compte Activision (si cette fonction est activée sur votre Compte Activision). Le cas échéant, vous 
1085,êtes en mesure d'utiliser vos données de réseaux sociaux pour trouver vos "amis", et ces derniers peuvent 
1086,utiliser leurs données de réseaux sociaux pour trouver votre compte Activision.
1087,Si vous reliez votre compte Facebook à votre Compte Activision, tel qu'un compte Call of Duty Elite, vos 
1088,amis Facebook seront en mesure d'associer le pseudonyme de votre Compte Activision à votre vrai nom 
1089,sur Facebook lorsqu'ils utiliseront la fonction Amis de Facebook. Vos comptes sur les sites de médias 
1090,sociaux sont soumis aux conditions desdits sites (concernant Facebook, consultez également les Droits et 
1091,Responsabilités accessibles via le site). Vous reconnaissez et acceptez que votre fournisseur de compte 
1092,sur un site de réseaux sociaux (y compris mais sans s'y limiter, Facebook) n'est en aucun cas responsable 
1093,de votre Compte Activision, y compris au regard des responsabilités relatives à votre utilisation du 
1094,Compte Activision, que vous utilisiez un gamertag ou un nom d'utilisateur anonyme ou non. Une fois 
1095,votre Compte Activision connecté à voter compte sur un site de réseaux sociaux, votre vrai nom sera 
1096,accessible et visible par tous vos « amis » sur les réseaux sociaux concernés. Veuillez consulter la Charte 
1097,de confidentialité d'Activision pour de plus amples informations sur les réseaux sociaux.
1098,
1099,8.6 NOMS D'UTILISATEURS ET DÉSIGNATIONS DE "GROUPES"
1100,Selon le Produit et la plateforme que vous utilisez (console, téléphone mobile, etc.), votre nom 
1101,d'utilisateur sur la plateforme deviendra votre nom d'utilisateur pour votre Compte Activision. De plus, 
1102,certains Comptes Activision permettent aux utilisateurs de se rassembler au sein de clans, escouades, 
1103,équipes ou autres groupes ("Groupes") avec un nom de Groupe unique. Lorsque vous choisissez un nom 
1104,d'utilisateur ou un nom de Groupe, ou que vous créez d'une autre façon une appellation visible par les 
1105,autres utilisateurs, vous devez vous conformer aux directives suivantes ainsi qu'aux règles habituelles de 
1106,bienséance. Si Activision estime qu'un de ces noms est insultant ou déplacé, il lui est possible, à sa seule 
1107,et absolue discrétion, de modifier ou supprimer ce nom, et/ou de suspendre ou résilier votre utilisation 
1108,du Service. En particulier, vous ne pouvez pas utiliser un nom qui :
1109,
1110,A. Appartient à une autre personne dans l'intention d'usurper l'identité de cette personne, y 
1111,compris notamment mais pas exclusivement les administrateurs du Produit ou tout autre 
1112,employé ou agent d'Activision ;
1113,
1114,B. Comprend un langage vulgaire ou qui est insultant, diffamatoire, obscène, haineux, ou 
1115,désobligeant d'un point de vue racial, sexuel, ethnique ou autre ;
1116,
1117,C. Est soumis aux droits d'une autre personne physique ou morale sans son autorisation écrite ;
1118,
1119,D. Appartient ou fait mention d'un personnage de la culture populaire, d'une célébrité, d'une 
1120,personnalité, icône ou représentation médiatique ;
1121,
1122,E. Représente, contient, ou représente en grande partie une marque commerciale ou de service, 
1123,qu'elle soit déposée ou non ;
1124,
1125,F. Appartient à un personnage religieux ou une divinité ; ou
1126,
1127,G. A un rapport avec la drogue, le sexe, l'alcool ou les activités criminelles.
1128,
1129,Vous ne pouvez pas utiliser d'orthographe fautive ou alternative pour passer outre les restrictions de nom 
1130,données ci-dessus, et vous ne pouvez pas non plus avoir un "prénom" et un "nom" qui, une fois associés, 
1131,enfreignent ces restrictions.
1132,Dans la mesure permise par la loi applicable, vous êtes responsable de la totalité des utilisations de votre 
1133,Compte. Vous devez prévenir Activision immédiatement de toute utilisation non autorisée de votre nom 
1134,d'utilisateur, mot de passe, informations de comptes, ou de tout autre problème de sécurité que vous 
1135,auriez remarqué en rapport avec votre Compte. Ce signalement doit être effectué par le biais de la page 
1136,web du Service consommateurs à l'adresse www.support.activision.com.
1137,
1138,8.7 TERMES SPÉCIFIQUES À CALL OF DUTY ELITE
1139,A. Nonobstant les termes de la présente, votre utilisation du logiciel Call of Duty est également soumise à 
1140,l'accord de licence du logiciel Call of Duty ("SLA") fourni avec les jeux relatifs au Produit. Le SLA régit votre 
1141,utilisation du jeu et cet Accord régit votre utilisation du Service, quelle que soit la plateforme sur laquelle 
1142,vous utilisez Call of Duty Elite (par exemple, console, en ligne, téléphone mobile, etc.).Votre utilisation de 
1143,Call of Duty Elite est également soumise à votre possession d'un compte en ligne valide sur votre console 
1144,utilisant la fonctionnalité multijoueur de Call of Duty, et au respect de toutes les conditions d'utilisation 
1145,de ce Compte.
1146,
1147,B. De temps en temps, Call of Duty Elite peut vous offrir la possibilité de participer à des concours et loteries. 
1148,Ces concours et loteries sont soumis à des règlements spécifiques ainsi qu'à un code de conduite (qui sont 
1149,inclus par référence dans le présent Accord), qui seront publiés en relation avec le concours ou la loterie 
1150,en question ou ailleurs sur Call of Duty Elite. Votre participation à un concours ou une loterie est soumise 
1151,à votre acceptation de ces règlements. Pour certains concours et loteries, Activision se réserve le droit de 
1152,limiter la quantité de récompenses qu'un participant peut gagner au cours d'une certaine période. Avant 
1153,de participer à un concours ou une loterie, vous êtes tenu de consulter attentivement les règles et 
1154,informations de participation applicables à ces concours et loteries, afin de confirmer votre éligibilité pour 
1155,gagner les prix concernés. Les gagnants non éligibles, ne réclamant pas leur prix ou ne pouvant utiliser 
1156,leur prix ne sont en droit de recevoir aucun prix de substitution ou arrangement. L'éligibilité aux concours 
1157,et loteries peut être restreinte aux participants ayant au moins l'âge adapté à la classification applicable 
1158,au jeu Call of Duty en question (par exemple, Call of Duty: Black Ops II est classé ESRB 17 aux États-Unis 
1159,d'Amérique ; PEGI 18 pour l'Union Européenne (sauf l'Allemagne) ; USK 18 pour l'Allemagne ; ACB 15 pour 
1160,l'Australie). Pour les participants issus de pays éligibles sans système de classification par âge, Activision 
1161,peut demander un âge minimal de 18 ans, aligné sur les classifications PEGI et USK. Les conditions d'âge 
1162,minimales seront indiquées avant la participation au concours ou à la loterie en question et constitueront 
1163,une condition de participation à ce concours ou à cette loterie. La disponibilité, la fréquence et l'éligibilité 
1164,des concours et des loteries seront à la seule discrétion d'Activision et seront également soumises aux lois 
1165,et restrictions locales.
1166,
1167,C. En rejoignant un clan, vous acceptez que votre chef de clan puisse faire participer votre clan à un ou 
1168,plusieurs concours, cette participation se faisant au nom du clan et de chacun de ces membres.
1169,
1170,D. N'oubliez pas de faire des pauses fréquentes lorsque vous participez à des concours, que vous jouez à des 
1171,jeux Activision et que vous utilisez Call of Duty Elite.
1172,
1173,9. CONTENU FOURNI PAR LE SERVICE
1174,Le "Contenu fourni par le Service" représente les éléments fournis aux utilisateurs du Produits (avec ou 
1175,sans Compte, tel qu'applicable) comme le contenu déblocable, le patrimoine virtuel, les codes, les 
1176,exploits, etc.
1177,
1178,9.1  Vous reconnaissez que même si vous "gagnez", "achetez", des "Contenus fournis par le Service", vous ne 
1179,disposez en réalité d'aucun droit de propriété sur les Contenus fournis par le Service et que le prix 
1180,desdits Services ne fait référence à aucun solde d'argent réel ou équivalent. Sauf mention contraire avec 
1181,un élément particulier du Contenu fourni par le Service (par exemple, un contrat de licence utilisateur 
1182,final et/ou un agrément électronique), tout le Contenu fourni par le Service que vous recevez vous est 
1183,fourni tel que décrit dans la section 3 et selon les modalités du présent Accord et de la Charte de 
1184,confidentialité d'Activision.
1185,
1186,9.2 Activision ne reconnaît pas le transfert de Comptes de Contenu fourni par le Service. Vous ne pouvez pas 
1187,acheter, vendre, revendre, prêter, louer, offrir, échanger ou transférer un Compte ou Contenu fourni par 
1188,le Service, ni proposer d'acheter, de vendre, de revendre, de prêter, de louer, d'offrir, d'échanger ou de 
1189,transférer un Compte ou des éléments du Produit, et toute tentative en ce sens sera considérée nulle et 
1190,non avenue.
1191,
1192,9.3 Vous ne pouvez pas vendre le Produit ou un Contenu fourni par le Service, y compris notamment mais 
1193,pas exclusivement les objets ou l'argent du jeu en échange de "véritable" argent, ni échanger ces objets 
1194,ou cet argent en dehors du Produit.
1195,
1196,9.4 Lors de la résiliation de votre Compte, vous reconnaissez et acceptez, dans la mesure permise par la loi 
1197,applicable, de ne pas conserver d'accès ou de contrôle sur quelque aspect que ce soit de votre Compte.
1198,
1199,10. AUTORISATION DE SURVEILLANCE
1200,
1201,10.1 Les communications via le Produit ne doivent pas être considérées comme privées. Activision peut 
1202,contrôler et/ou enregistrer vos communications (y compris notamment, mais pas exclusivement, les 
1203,discussions instantanées) lorsque vous utilisez le Produit, et vous accordez par la présente votre 
1204,consentement irrévocable à ce contrôle et cet enregistrement. Vous reconnaissez et acceptez n'avoir 
1205,aucune attente concernant la confidentialité de la transmission du CGU, y compris notamment mais pas 
1206,exclusivement les discussions instantanées par écrit ou par oral. Comme les discussions orales et autres 
1207,communications sont susceptibles d'être vues et/ou entendues par les autres utilisateurs, les utilisateurs 
1208,devraient éviter de dévoiler toute information permettant de les identifier.
1209,10.2 De plus, Activision peut, avec ou sans préavis, divulguer vos adresse(s) IP, informations personnelles, 
1210,archives de discussions et autres informations sur vous et vos activités : (a) en cas de demande par les 
1211,forces de l'ordre, le tribunal ou autre procédure légale, ou (b) si Activision croit que cette action 
1212,permettra de protéger ses propres droits et propriétés ou votre sécurité ou la sécurité d'autrui.
1213,
1214,11. SUPPORT
1215,En cas de réclamation concernant le Produit ou de demande d'informations sur l'utilisation d'un Produit, 
1216,rendez-vous sur les pages de service à la clientèle d'Activision, à www.support.activision.com.
1217,
1218,12. RÉSILIATION
1219,La licence qui vous est octroyée en vertu du présent Accord est en effet jusqu'à sa résiliation par vous-
1220,même ou par Activision. Les droits dont vous disposez au regard de la présente cessent 
1221,automatiquement sans avis préalable de la part d'Activision si vous manquez aux conditions du présent 
1222,Accord ou des termes de tierces parties applicables. Une fois votre licence résiliée, vous devez cesser 
1223,d'utiliser le Produit et détruire l'intégralité des copies du Produit, intégrales ou partielles.
1224,
1225,Activision se réserve le droit de résilier le présent Accord, pour quelque raison que ce soit, sur 
1226,notification écrite immédiate. La responsabilité maximum d'Activision à votre égard en cas de résiliation 
1227,est limitée à la somme que vous avez versée à Activision et qu'Activision a reçue de votre part pour le 
1228,Produit dans les douze (12) mois précédant la résiliation.
1229,
1230,13. TIERCES PARTIES
1231,Le Produit peut permettre ou nécessiter l'accès à des matériaux, services ou sites Internet de tierces 
1232,parties ("Matériaux tiers"). L'utilisation de matériaux tiers peut impliquer des conditions d'utilisation 
1233,supplémentaires.
1234,Vous reconnaissez qu'en utilisant des Matériaux tiers vous êtes susceptible d'être mis en relation avec 
1235,des contenus jugés offensants, indécents, répréhensibles. Vous acceptez (i) d'utiliser les Matériaux tiers 
1236,à vos propres risques ; (ii) qu'Activision ne peut être tenue responsable à votre égard quant aux 
1237,Matériaux tiers ; (iii) qu'Activision n'a pas d'obligation d'examiner ou d'évaluer le contenu, l'exactitude, 
1238,le caractère complet, le caractère opportun, la validité, le respect du droit d'auteur, la légalité, le 
1239,caractère décent, la qualité ou tout autre aspect de tels Matériaux tiers. Les Matériaux tiers sont fournis 
1240,exclusivement pour votre commodité.
1241,Votre droit d'utilisation du Produit repose également sur votre conformité aux conditions d'utilisation, 
1242,conditions de service et politiques de confidentialité applicables que vous avez acceptées auprès de 
1243,tierces parties (Accord avec Apple, Inc. pour l'achat et l'utilisation d'applications via iTunes, votre 
1244,fournisseur d'accès Internet, etc.) ("Conditions tierces").
1245,
1246,Les tierces parties concernées (compte console, téléphone mobile, fournisseur d'accès Internet, etc.) 
1247,peuvent également imposer des restrictions quant à l'utilisation ou l'accès à certains Produits, dans 
1248,quelque cas que ce soit et sans notification préalable ni responsabilité. Vous reconnaissez qu'Activision 
1249,ne peut être tenue responsable des actes ou omissions des tierces parties.
1250,
1251,14. LIMITATION DE GARANTIE ET RESPONSABILITÉ LIMITÉE
1252,
1253,14.1 LIMITATION DE GARANTIE 
1254,DANS LA MESURE AUTORISÉE PAR LA LOI EN VIGUEUR, LE PRODUIT EST FOURNI "EN L'ÉTAT" ET 
1255,ACTIVISION NE GARANTIT PAS QUE LE SERVICE SERA ININTERROMPU OU EXEMPT D'ERREURS, QUE LES 
1256,DÉFAUTS SERONT CORRIGÉS, QUE LE PRODUIT EST EXEMPT DE VIRUS OU AUTRES COMPOSANTS 
1257,PROBLÉMATIQUES, OU QUE L'INTÉGRALITÉ DU CONTENU DU PRODUIT EST EXACTE. DANS LA MESURE 
1258,AUTORISÉE PAR LA LOI EN VIGUEUR, ACTIVISION SE DÉSISTE EXPRESSÉMENT DES GARANTIES DE TOUTE 
1259,SORTE, EXPRESSES OU IMPLICITES, Y COMPRIS NOTAMMENT MAIS PAS EXCLUSIVEMENT LES GARANTIES 
1260,IMPLICITES DE QUALITÉ LOYALE ET MARCHANDE OU D'APTITUDE POUR UN BUT OU UN USAGE 
1261,PARTICULIER ET L'ABSENCE DE CONTREFAÇON.
1262,
1263,Australie : en vertu des lois australiennes relatives à la consommation, les résidents australiens bénéficient de 
1264,certaines garanties statutaires. Le présent Accord n'a pas pour effet de porter atteinte aux droits concernés.
1265,
1266,14.2 RESPONSABILITÉ LIMITÉE
1267,A. DANS LA MESURE AUTORISÉE PAR LA LOI EN VIGUEUR, NI ACTIVISION NI SES SOCIÉTÉ MÈRE, 
1268,FILIALES, BAILLEURS DE LICENCE OU SOCIÉTÉS APPARENTÉES NE PEUVENT ÊTRE TENUS 
1269,RESPONSABLES DE QUELQUE FAÇON QUE CE SOIT DE DOMMAGES OU PERTES DE TOUTE 
1270,NATURE RÉSULTANT DE (A) L'UTILISATION DE OU L'IMPOSSIBILITÉ D'UTILISER LE PRODUIT, Y 
1271,COMPRIS NOTAMMENT MAIS PAS EXCLUSIVEMENT LA PERTE DE CLIENTÈLE, L'ARRÊT DU 
1272,TRAVAIL, LA PANNE OU LE DYSFONCTIONNEMENT INFORMATIQUE ; (B) LA PERTE OU LES 
1273,DOMMAGES SUR LES PERSONNAGES, COMPTES, STATISTIQUES, INVENTAIRES OU 
1274,INFORMATIONS DE PROFIL UTILISATEUR ; OU (C) DES INTERRUPTIONS DE SERVICE, Y COMPRIS 
1275,NOTAMMENT MAIS PAS EXCLUSIVEMENT, LES COUPURES DE FAI, LES PANNES LOGICIELLES OU 
1276,MATÉRIELLES, LES PANNES DE SOLUTIONS DE PAIEMENT, DE PRODUITS OU DE SERVICES TIERS, 
1277,OU TOUT AUTRE ÉVÉNEMENT POUVANT DONNER LIEU À UNE PERTE DE DONNÉES OU À UNE 
1278,INTERRUPTION DU SERVICE. EN AUCUN CAS ACTIVISION NE PEUT ÊTRE TENUE RESPONSABLE VIS-
1279,À-VIS DE VOUS OU DE QUICONQUE POUR DES DOMMAGES INDIRECTS, ACCESSOIRES, SPÉCIAUX, 
1280,EXEMPLAIRES, SPÉCULATIFS OU PUNITIFS.
1281,
1282,B. EN AUCUN CAS LA RESPONSABILITÉ D'ACTIVISION NE SAURAIT EXCÉDER LA SOMME QUE VOUS 
1283,NOUS AVEZ PAYÉE PENDANT LES DOUZE (12) MOIS PRÉCÉDANT LE MOMENT DE LA BASE DE 
1284,L'ACTION.
1285,C. INFORMATION IMPORTANTE CONCERNANT LA LIMITATION DE GARANTIE ET LA RESPONSABILITÉ 
1286,LIMITÉE :
1287,CERTAINS ÉTATS OU JURIDICTIONS N'AUTORISENT PAS L'EXCLUSION OU LA LIMITATION DE 
1288,RESPONSABILITÉ POUR LES DOMMAGES ACCESSOIRES, INDIRECTS OU AUTRES. DANS CES ÉTATS 
1289,OU JURIDICTIONS, VOUS POUVEZ AVOIR DES DROITS DIFFÉRENTS OU SUPPLÉMENTAIRES EN 
1290,FONCTION DES LOIS EN VIGUEUR DU PAYS PARTICIPANT A PARTIR DUQUEL VOUS ACQUÉREZ ET 
1291,UTILISEZ LE PRODUIT DE FAÇON VALIDE, AUQUEL CAS LA RESPONSABILITÉ D'ACTIVISION ET DE 
1292,SES FILIALES SERA LIMITÉE DANS LA PLUS GRANDE MESURE AUTORISÉE PAR LA LOI EN VIGUEUR. 
1293,POUR LES INDIVIDUS ACQUÉRANT ET UTILISANT LE PRODUIT DE FAÇON VALIDE A PARTIR D'UN 
1294,PAYS FAISANT PARTIE DE L'UNION EUROPÉENNE, RIEN NE SAURAIT EXCLURE LA RESPONSABILITÉ 
1295,D'ACTIVISION EN CAS DE DÉCÈS OU DE DOMMAGES CORPORELS RÉSULTANT DE SA NÉGLIGENCE.
1296,
1297,Belgique, Danemark, Finlande, Allemagne, Norvège, Suède : conformément à la section 23, 
1298,Activision est, en vertu de la loi statutaire, responsable en cas de (a) faute intentionnelle ; (b) 
1299,négligence grossière ; (c) violation des lois belges, allemandes ou norvégiennes sur la 
1300,responsabilité à l'égard de produits (uniquement applicable à la Belgique, l'Allemagne et la 
1301,Norvège, respectivement). Sans limiter ce qui précède, Activision peut uniquement être tenue 
1302,responsable des niveaux modestes de négligence en cas de manquement à une obligation 
1303,matérielle contractuelle relative au présent Accord, ledit manquement nuisant à l'objet de 
1304,l'Accord. Dans de telles circonstances, la responsabilité d'Activision se limite aux dommages 
1305,classiques et prévisibles. Dans d'autres circonstances, Activision ne peut être tenue responsable 
1306,des actes de négligence modeste.
1307,Union Européenne : aucun élément du présent Accord n'exclut la responsabilité d'Activision 
1308,quant aux décès ou aux blessures physiques découlant de sa négligence.
1309,
1310,15. COUVERTURE
1311,Vous acceptez de défendre et tenir Activision et ses sociétés apparentées, ainsi que leurs responsables, 
1312,directeurs, propriétaires, agents, employés, prestataires, informateurs et bailleurs de licence respectifs 
1313,(collectivement, les "Parties couvertes"), à couvert de toute plainte, responsabilité, perte et dépense (y 
1314,compris les frais d'avocat) encourue par une partie couverte en relation avec (i) tout manquement de 
1315,votre part au présent Accord, et/ou (ii) la publication ou l'envoi par vous de CGU.
1316,
1317,Activision se réserve le droit, à ses frais, de prendre en charge la défense et le contrôle exclusifs de toute 
1318,question autrement soumise à indemnisation de votre part, auquel cas vous acceptez de coopérer à la 
1319,défense d'Activision sur cette question.
1320,
1321,16. RISQUE DE PERTE
1322,Vous assumez tout risque de perte relatif à l'accès ou au téléchargement de tout Produit et à tout 
1323,Produit que vous avez téléchargé ou auquel vous avez accédé, y compris toute perte due à un fichier 
1324,corrompu ou à une panne de l'appareil utilisé.
1325,
1326,Tout Produit peut être disponible pour une période limitée et/ou soumis à d'autres restrictions d'accès 
1327,supplémentaires (y compris, entre autres, la possession d'autres Produits spécifiques). Les Produits 
1328,peuvent se trouver indisponibles suite à des potentielles restrictions de licence du fournisseur de 
1329,contenu ou pour d'autres raisons. Activision ne peut être tenue responsable si un Produit est ou devient 
1330,indisponible (accès ou téléchargement), pour quelque raison que ce soit, dans la mesure permise par la 
1331,loi en vigueur.
1332,
1333,17. DISPONIBILITÉ
1334,Sauf mention contraire dans les présentes, Activision ne garantit pas la disponibilité à tout moment ou à 
1335,un moment donné d'un Produit ou d'un Contenu fourni par le Service, ni qu'Activision continuera à 
1336,proposer le Produit ou tout Contenu fourni par le Service pendant une période particulière. Activision 
1337,peut modifier et mettre à jour le Produit ou le Contenu fourni par le Service sans vous prévenir. 
1338,Activision n'offre aucune garantie et ne fait aucune déclaration quant à la disponibilité des 
1339,fonctionnalités des Produits en ligne et se réserve le droit de modifier ou d'interrompre les 
1340,fonctionnalités des Produits en ligne à son entière discrétion et sans vous en informer, y compris, par 
1341,exemple, mettre fin à un service en ligne pour des raisons économiques relatives à un nombre trop faible 
1342,d'utilisateurs continuant à utiliser le service concerné.
1343,
1344,En outre, les Produits auxquels vous pouvez accéder depuis et afficher sur un Appareil ne sont pas 
1345,disponibles dans toutes les langues ou dans tous les pays. Dans la pleine mesure permise par la loi en 
1346,vigueur, (i) Activision et ses sociétés apparentées se réservent le droit de modifier, suspendre, supprimer 
1347,ou désactiver l'accès à tout Produit à tout moment et sans vous en avertir, et (ii) Activision ne peut être 
1348,tenue responsable de la suppression ou de la désactivation de l'accès à tout Produit.
1349,
1350,18. PROPRIÉTÉ
1351,Tous les droits de propriété et de propriété intellectuelle dans le Produit (y compris notamment mais pas 
1352,exclusivement, les titres, marques commerciales, marques de service, et noms commerciaux, codes 
1353,informatiques, thèmes, objets, personnages, noms de personnages, histoires, dialogues, slogans, lieux, 
1354,concepts, artworks, animations, sons, compositions musicales, effets audiovisuels, méthodes de 
1355,fonctionnement, droits moraux, et toute documentation en rapport) appartiennent à Activision et/ou 
1356,son/ses bailleur(s) de licence. Le Produit vous est cédé sous licence et non vendu, et ladite cession ne 
1357,doit pas être apparentée à une vente de droits relatifs au Produit.
1358,
1359,SANS PRÉJUDICE DE TOUTE MENTION CONTRAIRE DANS LE PRÉSENT ACCORD, VOUS RECONNAISSEZ ET 
1360,ACCEPTEZ N'AVOIR AUCUN DROIT DE PROPRIÉTÉ OU AUTRE INTÉRÊT SUR UN PRODUIT OU CONTENU 
1361,FOURNI PAR LE SERVICE (Y COMPRIS, SANS S'Y LIMITER, LES BIENS VIRTUELS) ET VOUS RECONNAISSEZ ET 
1362,ACCEPTEZ QUE, DANS LA MESURE PERMISE PAR LA LOI, TOUS LES DROITS RELATIFS À CES PRODUITS OU 
1363,CONTENUS FOURNIS PAR LE SERVICE SONT ET RESTERONT TOUJOURS LA PROPRIÉTÉ D'ACTIVISION ET DE 
1364,SES BAILLEURS DE LICENCE.
1365,
1366,Vous reconnaissez que les Produits et Matériaux tiers comprennent des contenus propriétaires, des 
1367,informations et des matériaux protégés par les lois de propriété intellectuelle applicables et autres 
1368,législations, y compris mais sans s'y limiter, les lois relatives aux droits d'auteur. Vous vous engagez à ne 
1369,pas utiliser lesdits contenus, informations ou matériaux propriétaires de quelque manière que ce soit, 
1370,excepté aux fins autorisées. Aucune partie des Produits ou Matériaux tiers ne peut être reproduite sous 
1371,quelque forme ou de quelque façon que ce soit autre qu'autorisée par la licence applicable.
1372,
1373,19. FRAIS ET FACTURATION
1374,VOUS ACCEPTEZ DE PAYER TOUS LES FRAIS ET TAXES EN VIGUEUR DUS PAR VOUS OU PAR QUICONQUE 
1375,UTILISE UN PRODUIT DEPUIS VOTRE APPAREIL.
1376,19.1 Options de paiement / Partenaires de facturation tiers. Vous pouvez payer certains Produits et Contenu 
1377,fournis par le Service via les moyens qui vous sont accessibles, et vous acceptez les termes et conditions 
1378,applicables à chaque méthode de paiement choisie. Les méthodes de paiement peuvent varier en 
1379,fonction de la console, de la plateforme, du système ou de l'Appareil que vous utilisez pour accéder au 
1380,Produit ou au Contenu fourni par le Service.
1381,19.2 En achetant un Produit ou un Contenu fourni par le Service, vous (i) affirmez que vous êtes en droit 
1382,d'utiliser la méthode de paiement sélectionnée et que les informations de paiement fournies sont réelles 
1383,et complètes ; (ii) autorisez Activision, ou la tierce partie vous facturant le Service ou le Contenu fourni 
1384,par le Service, tel qu'applicable, à recouvrer votre paiement pour le Produit ou le Contenu fourni par le 
1385,Service, via la méthode de paiement que vous avez sélectionnée.
1386,
1387,19.3 DANS LA MESURE PERMISE PAR LA LOI, VOUS RECONNAISSEZ QU'ACTIVISION N'EST PAS TENUE 
1388,D'EFFECTUER UN REMBOURSEMENT, POUR QUELQUE RAISON QUE CE SOIT, ET QUE VOUS NE 
1389,PERCEVREZ AUCUN REMBOURSEMENT LORS DE LA FERMETURE D'UN COMPTE AVANT EXPIRATION DE 
1390,TOUTE INSCRIPTION OU ABONNEMENT, QUE CETTE FERMETURE SOIT VOLONTAIRE OU INVOLONTAIRE.